web-scraper-order,web-scraper-start-url,txns1,txns1-href,transaction_hash,status,block_confirmations,Confirmed_time,timestamp,blockno
"1654864911-894","https://goerli.etherscan.io/txs","0x01beecc73349e360b802cae99b02c88ffe94a753789cad6529c612404b57f39b","https://goerli.etherscan.io/tx/0x01beecc73349e360b802cae99b02c88ffe94a753789cad6529c612404b57f39b","0x01beecc73349e360b802cae99b02c88ffe94a753789cad6529c612404b57f39b","Success","3 Block Confirmations","null","57 secs ago (Jun-10-2022 12:40:49 PM +UTC)","7038374"
"1654864966-919","https://goerli.etherscan.io/txs","0x2030de0f850e5678a8b27b6075f65e56aca7c65a4ead09a7c5711871be56638e","https://goerli.etherscan.io/tx/0x2030de0f850e5678a8b27b6075f65e56aca7c65a4ead09a7c5711871be56638e","0x2030de0f850e5678a8b27b6075f65e56aca7c65a4ead09a7c5711871be56638e","Success","7 Block Confirmations","null","1 min ago (Jun-10-2022 12:40:49 PM +UTC)","7038374"
"1654864974-922","https://goerli.etherscan.io/txs","0x3fb15eb641223660eb5e881f8f07f15f86d75061740d51d51a6b820402b9b086","https://goerli.etherscan.io/tx/0x3fb15eb641223660eb5e881f8f07f15f86d75061740d51d51a6b820402b9b086","0x3fb15eb641223660eb5e881f8f07f15f86d75061740d51d51a6b820402b9b086","Success","7 Block Confirmations","null","2 mins ago (Jun-10-2022 12:40:49 PM +UTC)","7038374"
"1654864885-874","https://goerli.etherscan.io/txs","0x7b243a00288f666ac6c8a399ddf37290d7bed494ba462245211cecd8b502a359","https://goerli.etherscan.io/tx/0x7b243a00288f666ac6c8a399ddf37290d7bed494ba462245211cecd8b502a359","0x7b243a00288f666ac6c8a399ddf37290d7bed494ba462245211cecd8b502a359","Success","1 Block Confirmation","null","30 secs ago (Jun-10-2022 12:40:49 PM +UTC)","7038374"
"1654864995-930","https://goerli.etherscan.io/txs","0xf171fe818c51dfb227fae3f5575eff8daae1f1ecb0bde0939072920cfed9260b","https://goerli.etherscan.io/tx/0xf171fe818c51dfb227fae3f5575eff8daae1f1ecb0bde0939072920cfed9260b","0xf171fe818c51dfb227fae3f5575eff8daae1f1ecb0bde0939072920cfed9260b","Success","9 Block Confirmations","null","2 mins ago (Jun-10-2022 12:40:49 PM +UTC)","7038374"
"1654864917-898","https://goerli.etherscan.io/txs","0x24661d39c46b41c013921ab8260d6cff7a9b72c1ae66ab214f7bd237941d5930","https://goerli.etherscan.io/tx/0x24661d39c46b41c013921ab8260d6cff7a9b72c1ae66ab214f7bd237941d5930","0x24661d39c46b41c013921ab8260d6cff7a9b72c1ae66ab214f7bd237941d5930","Success","3 Block Confirmations","null","1 min ago (Jun-10-2022 12:40:49 PM +UTC)","7038374"
"1654864990-928","https://goerli.etherscan.io/txs","0xc3099df44f29c49aed80b9df8f8cfa046af369180d944f2ff8edda4bee022b10","https://goerli.etherscan.io/tx/0xc3099df44f29c49aed80b9df8f8cfa046af369180d944f2ff8edda4bee022b10","0xc3099df44f29c49aed80b9df8f8cfa046af369180d944f2ff8edda4bee022b10","Success","9 Block Confirmations","null","2 mins ago (Jun-10-2022 12:40:49 PM +UTC)","7038374"
"1654864953-914","https://goerli.etherscan.io/txs","0x9249a3ee7abf0d8d206bee36812de0a019606b5e7ea130fb7cf4d5f0c41ee142","https://goerli.etherscan.io/tx/0x9249a3ee7abf0d8d206bee36812de0a019606b5e7ea130fb7cf4d5f0c41ee142","0x9249a3ee7abf0d8d206bee36812de0a019606b5e7ea130fb7cf4d5f0c41ee142","Success","5 Block Confirmations","null","1 min ago (Jun-10-2022 12:40:49 PM +UTC)","7038374"
"1654864914-895","https://goerli.etherscan.io/txs","0x0fe0f9f7f313bb9f1fafeed2638a1e3817ef81b180cc508261c13c3d60f9c248","https://goerli.etherscan.io/tx/0x0fe0f9f7f313bb9f1fafeed2638a1e3817ef81b180cc508261c13c3d60f9c248","0x0fe0f9f7f313bb9f1fafeed2638a1e3817ef81b180cc508261c13c3d60f9c248","Success","3 Block Confirmations","null","1 min ago (Jun-10-2022 12:40:49 PM +UTC)","7038374"
"1654864928-905","https://goerli.etherscan.io/txs","0x69ea99e1c3766ef27044881da7a04188e449fd54e6650d7a33cf55501015c3f4","https://goerli.etherscan.io/tx/0x69ea99e1c3766ef27044881da7a04188e449fd54e6650d7a33cf55501015c3f4","0x69ea99e1c3766ef27044881da7a04188e449fd54e6650d7a33cf55501015c3f4","Success","5 Block Confirmations","null","1 min ago (Jun-10-2022 12:40:49 PM +UTC)","7038374"
"1654864925-904","https://goerli.etherscan.io/txs","0x07528f095f31810f3d889e98db516483d006dae9b6cedaa619bf044864b89040","https://goerli.etherscan.io/tx/0x07528f095f31810f3d889e98db516483d006dae9b6cedaa619bf044864b89040","0x07528f095f31810f3d889e98db516483d006dae9b6cedaa619bf044864b89040","Success","5 Block Confirmations","null","1 min ago (Jun-10-2022 12:40:49 PM +UTC)","7038374"
"1654864942-910","https://goerli.etherscan.io/txs","0xc5b2174c9c695a455cdfa10549990734e9e6d146deb6b63adc478e7d54d631b9","https://goerli.etherscan.io/tx/0xc5b2174c9c695a455cdfa10549990734e9e6d146deb6b63adc478e7d54d631b9","0xc5b2174c9c695a455cdfa10549990734e9e6d146deb6b63adc478e7d54d631b9","Success","5 Block Confirmations","null","1 min ago (Jun-10-2022 12:40:49 PM +UTC)","7038374"
"1654864898-884","https://goerli.etherscan.io/txs","0xceef270c43bb69d1cb473458562828adc7a924d6b9b75abdc1d9d6782f830d78","https://goerli.etherscan.io/tx/0xceef270c43bb69d1cb473458562828adc7a924d6b9b75abdc1d9d6782f830d78","0xceef270c43bb69d1cb473458562828adc7a924d6b9b75abdc1d9d6782f830d78","Success","3 Block Confirmations","null","43 secs ago (Jun-10-2022 12:40:49 PM +UTC)","7038374"
"1654864988-927","https://goerli.etherscan.io/txs","0x65061c4af9a6030bf25207cb1db055fee8443105176c90f6066a76725f77a109","https://goerli.etherscan.io/tx/0x65061c4af9a6030bf25207cb1db055fee8443105176c90f6066a76725f77a109","0x65061c4af9a6030bf25207cb1db055fee8443105176c90f6066a76725f77a109","Success","9 Block Confirmations","null","2 mins ago (Jun-10-2022 12:40:49 PM +UTC)","7038374"
"1654864963-918","https://goerli.etherscan.io/txs","0xbcbabcb1ce61ce93719ad00a34e145b2739a93a180254c5d495484f8e1dcab9d","https://goerli.etherscan.io/tx/0xbcbabcb1ce61ce93719ad00a34e145b2739a93a180254c5d495484f8e1dcab9d","0xbcbabcb1ce61ce93719ad00a34e145b2739a93a180254c5d495484f8e1dcab9d","Success","7 Block Confirmations","null","1 min ago (Jun-10-2022 12:40:49 PM +UTC)","7038374"
"1654864909-891","https://goerli.etherscan.io/txs","0xe571c7594e9a22dfe5024c30da74ae849f58e6e059493365a44f9b2d8e478029","https://goerli.etherscan.io/tx/0xe571c7594e9a22dfe5024c30da74ae849f58e6e059493365a44f9b2d8e478029","0xe571c7594e9a22dfe5024c30da74ae849f58e6e059493365a44f9b2d8e478029","Success","3 Block Confirmations","null","54 secs ago (Jun-10-2022 12:40:49 PM +UTC)","7038374"
"1654864958-916","https://goerli.etherscan.io/txs","0x5563f21c3d85304a5e10aa28a9f0ed1750f35cb601e7260636ee77bbfba6fe87","https://goerli.etherscan.io/tx/0x5563f21c3d85304a5e10aa28a9f0ed1750f35cb601e7260636ee77bbfba6fe87","0x5563f21c3d85304a5e10aa28a9f0ed1750f35cb601e7260636ee77bbfba6fe87","Success","7 Block Confirmations","null","1 min ago (Jun-10-2022 12:40:49 PM +UTC)","7038374"
"1654864971-921","https://goerli.etherscan.io/txs","0xdb273bf2f696b247341cc14e7a5986cbe982d2d8d8027028560e3facd29d8d30","https://goerli.etherscan.io/tx/0xdb273bf2f696b247341cc14e7a5986cbe982d2d8d8027028560e3facd29d8d30","0xdb273bf2f696b247341cc14e7a5986cbe982d2d8d8027028560e3facd29d8d30","Success","7 Block Confirmations","null","1 min ago (Jun-10-2022 12:40:49 PM +UTC)","7038374"
"1654864874-866","https://goerli.etherscan.io/txs","0x5180330c4637d6811f2dacadf1a39fba568948f3fae7f204d6fa6276f7878a70","https://goerli.etherscan.io/tx/0x5180330c4637d6811f2dacadf1a39fba568948f3fae7f204d6fa6276f7878a70","0x5180330c4637d6811f2dacadf1a39fba568948f3fae7f204d6fa6276f7878a70","Success","1 Block Confirmation","null","19 secs ago (Jun-10-2022 12:40:49 PM +UTC)","7038374"
"1654864888-876","https://goerli.etherscan.io/txs","0x8b92d1ff938ba91e990e9af5a0c2a1d07d7842bdc03ecc353f2023ebc235cb47","https://goerli.etherscan.io/tx/0x8b92d1ff938ba91e990e9af5a0c2a1d07d7842bdc03ecc353f2023ebc235cb47","0x8b92d1ff938ba91e990e9af5a0c2a1d07d7842bdc03ecc353f2023ebc235cb47","Success","1 Block Confirmation","null","33 secs ago (Jun-10-2022 12:40:49 PM +UTC)","7038374"
"1654864866-860","https://goerli.etherscan.io/txs","0x196b499b9fe4e321cb143ee244cd401a374577a0102f08a0d26732239d7f6e13","https://goerli.etherscan.io/tx/0x196b499b9fe4e321cb143ee244cd401a374577a0102f08a0d26732239d7f6e13","0x196b499b9fe4e321cb143ee244cd401a374577a0102f08a0d26732239d7f6e13","Success","1 Block Confirmation","null","11 secs ago (Jun-10-2022 12:40:49 PM +UTC)","7038374"
"1654864969-920","https://goerli.etherscan.io/txs","0x1da927a606b32fcb84b53b05919586d9f8019bc46850e15f5e8c99d8541eaa2c","https://goerli.etherscan.io/tx/0x1da927a606b32fcb84b53b05919586d9f8019bc46850e15f5e8c99d8541eaa2c","0x1da927a606b32fcb84b53b05919586d9f8019bc46850e15f5e8c99d8541eaa2c","Success","7 Block Confirmations","null","1 min ago (Jun-10-2022 12:40:49 PM +UTC)","7038374"
"1654864882-872","https://goerli.etherscan.io/txs","0xbe00f64d9751ac59f79624a3724d0b41ca45b362f993f3aeaa3dc231b2c01a60","https://goerli.etherscan.io/tx/0xbe00f64d9751ac59f79624a3724d0b41ca45b362f993f3aeaa3dc231b2c01a60","0xbe00f64d9751ac59f79624a3724d0b41ca45b362f993f3aeaa3dc231b2c01a60","Success","1 Block Confirmation","null","28 secs ago (Jun-10-2022 12:40:49 PM +UTC)","7038374"
"1654864998-931","https://goerli.etherscan.io/txs","0x4bcdbc591691995dd0c682e16d464ddf09bfee151b44556cd9a354d6fb2dbd63","https://goerli.etherscan.io/tx/0x4bcdbc591691995dd0c682e16d464ddf09bfee151b44556cd9a354d6fb2dbd63","0x4bcdbc591691995dd0c682e16d464ddf09bfee151b44556cd9a354d6fb2dbd63","Success","9 Block Confirmations","null","2 mins ago (Jun-10-2022 12:40:49 PM +UTC)","7038374"
"1654864906-890","https://goerli.etherscan.io/txs","0xcd1909d51d690d979bb41290a5266c1b4bb813cf8598a873a084749b9c96e678","https://goerli.etherscan.io/tx/0xcd1909d51d690d979bb41290a5266c1b4bb813cf8598a873a084749b9c96e678","0xcd1909d51d690d979bb41290a5266c1b4bb813cf8598a873a084749b9c96e678","Success","3 Block Confirmations","null","51 secs ago (Jun-10-2022 12:40:49 PM +UTC)","7038374"
"1654864985-926","https://goerli.etherscan.io/txs","0x8486d40f5549fda5ff56e30d321658db4679b7d7748c241258cdbe881d3c1daa","https://goerli.etherscan.io/tx/0x8486d40f5549fda5ff56e30d321658db4679b7d7748c241258cdbe881d3c1daa","0x8486d40f5549fda5ff56e30d321658db4679b7d7748c241258cdbe881d3c1daa","Success","9 Block Confirmations","null","2 mins ago (Jun-10-2022 12:40:49 PM +UTC)","7038374"
"1654864877-868","https://goerli.etherscan.io/txs","0x7c484414da0952b13bcf6a6d00be1a583292fb60a61282a618d4acf0f3413911","https://goerli.etherscan.io/tx/0x7c484414da0952b13bcf6a6d00be1a583292fb60a61282a618d4acf0f3413911","0x7c484414da0952b13bcf6a6d00be1a583292fb60a61282a618d4acf0f3413911","Success","1 Block Confirmation","null","22 secs ago (Jun-10-2022 12:40:49 PM +UTC)","7038374"
"1654864893-880","https://goerli.etherscan.io/txs","0x827ca1626c3f8dc2a09fd64d8fe7cb8ff0ce31cb6569ce3653c53ce9189f30b8","https://goerli.etherscan.io/tx/0x827ca1626c3f8dc2a09fd64d8fe7cb8ff0ce31cb6569ce3653c53ce9189f30b8","0x827ca1626c3f8dc2a09fd64d8fe7cb8ff0ce31cb6569ce3653c53ce9189f30b8","Success","3 Block Confirmations","null","38 secs ago (Jun-10-2022 12:40:49 PM +UTC)","7038374"
"1654864936-908","https://goerli.etherscan.io/txs","0xedcf29a1f0a035d8cad8775cb5f1271b4e411b12e3f26e7573b3ba2bb55e6046","https://goerli.etherscan.io/tx/0xedcf29a1f0a035d8cad8775cb5f1271b4e411b12e3f26e7573b3ba2bb55e6046","0xedcf29a1f0a035d8cad8775cb5f1271b4e411b12e3f26e7573b3ba2bb55e6046","Success","5 Block Confirmations","null","1 min ago (Jun-10-2022 12:40:49 PM +UTC)","7038374"
"1654864890-878","https://goerli.etherscan.io/txs","0x672337902dfd902f0877972c9558f838289a605522ef793ddbcb206552e92d7a","https://goerli.etherscan.io/tx/0x672337902dfd902f0877972c9558f838289a605522ef793ddbcb206552e92d7a","0x672337902dfd902f0877972c9558f838289a605522ef793ddbcb206552e92d7a","Success","1 Block Confirmation","null","36 secs ago (Jun-10-2022 12:40:49 PM +UTC)","7038374"
"1654864939-909","https://goerli.etherscan.io/txs","0x2d301d74244f36200736f539673ced1687ea6f3d59f181b97ba560bc9f4b5bc6","https://goerli.etherscan.io/tx/0x2d301d74244f36200736f539673ced1687ea6f3d59f181b97ba560bc9f4b5bc6","0x2d301d74244f36200736f539673ced1687ea6f3d59f181b97ba560bc9f4b5bc6","Success","5 Block Confirmations","null","1 min ago (Jun-10-2022 12:40:49 PM +UTC)","7038374"
"1654864947-912","https://goerli.etherscan.io/txs","0x0bbc73172379a85a198a476f9f7f495f9e5b694cd0c2a39df0ec3b614836066a","https://goerli.etherscan.io/tx/0x0bbc73172379a85a198a476f9f7f495f9e5b694cd0c2a39df0ec3b614836066a","0x0bbc73172379a85a198a476f9f7f495f9e5b694cd0c2a39df0ec3b614836066a","Success","5 Block Confirmations","null","1 min ago (Jun-10-2022 12:40:49 PM +UTC)","7038374"
"1654864980-924","https://goerli.etherscan.io/txs","0x827ae8ca09904b0efeb1b079233acc1b575b9a65a2462e810af28509c2c86843","https://goerli.etherscan.io/tx/0x827ae8ca09904b0efeb1b079233acc1b575b9a65a2462e810af28509c2c86843","0x827ae8ca09904b0efeb1b079233acc1b575b9a65a2462e810af28509c2c86843","Success","7 Block Confirmations","null","2 mins ago (Jun-10-2022 12:40:49 PM +UTC)","7038374"
"1654864950-913","https://goerli.etherscan.io/txs","0x59d7da3610c95de81b4f2ab905a4a28f1ed90d533f4658594de7ae6cbc42340d","https://goerli.etherscan.io/tx/0x59d7da3610c95de81b4f2ab905a4a28f1ed90d533f4658594de7ae6cbc42340d","0x59d7da3610c95de81b4f2ab905a4a28f1ed90d533f4658594de7ae6cbc42340d","Success","5 Block Confirmations","null","1 min ago (Jun-10-2022 12:40:49 PM +UTC)","7038374"
"1654864900-886","https://goerli.etherscan.io/txs","0xd2cfa4095799518f749871ac152916c05e89ae5a3f79c4df018b8c05467b7d36","https://goerli.etherscan.io/tx/0xd2cfa4095799518f749871ac152916c05e89ae5a3f79c4df018b8c05467b7d36","0xd2cfa4095799518f749871ac152916c05e89ae5a3f79c4df018b8c05467b7d36","Success","3 Block Confirmations","null","46 secs ago (Jun-10-2022 12:40:49 PM +UTC)","7038374"
"1654864993-929","https://goerli.etherscan.io/txs","0x53ec858f22e9f5e4c01eb59971726e687db68142146f665b78ebf3bfb687d6a6","https://goerli.etherscan.io/tx/0x53ec858f22e9f5e4c01eb59971726e687db68142146f665b78ebf3bfb687d6a6","0x53ec858f22e9f5e4c01eb59971726e687db68142146f665b78ebf3bfb687d6a6","Success","9 Block Confirmations","null","2 mins ago (Jun-10-2022 12:40:49 PM +UTC)","7038374"
"1654864931-906","https://goerli.etherscan.io/txs","0x79531e960991323a74dfc56ba43ae376ce19346bd8bbfc0caea82164fd459ee4","https://goerli.etherscan.io/tx/0x79531e960991323a74dfc56ba43ae376ce19346bd8bbfc0caea82164fd459ee4","0x79531e960991323a74dfc56ba43ae376ce19346bd8bbfc0caea82164fd459ee4","Success","5 Block Confirmations","null","1 min ago (Jun-10-2022 12:40:49 PM +UTC)","7038374"
"1654864880-870","https://goerli.etherscan.io/txs","0xb98ebecb4fd90ae2fe4131b964244d827b7d58699b3f631855fc88ff2f5f4e54","https://goerli.etherscan.io/tx/0xb98ebecb4fd90ae2fe4131b964244d827b7d58699b3f631855fc88ff2f5f4e54","0xb98ebecb4fd90ae2fe4131b964244d827b7d58699b3f631855fc88ff2f5f4e54","Success","1 Block Confirmation","null","25 secs ago (Jun-10-2022 12:40:49 PM +UTC)","7038374"
"1654864955-915","https://goerli.etherscan.io/txs","0xd0cdb38c0faf72b00412c6d7b4d7ba6be32c2574626b46a5151929a28d351823","https://goerli.etherscan.io/tx/0xd0cdb38c0faf72b00412c6d7b4d7ba6be32c2574626b46a5151929a28d351823","0xd0cdb38c0faf72b00412c6d7b4d7ba6be32c2574626b46a5151929a28d351823","Success","7 Block Confirmations","null","1 min ago (Jun-10-2022 12:40:49 PM +UTC)","7038374"
"1654864933-907","https://goerli.etherscan.io/txs","0x0a1b7917a2b5ac5e5b71f23cae514642966317317785008167772098da23ed7e","https://goerli.etherscan.io/tx/0x0a1b7917a2b5ac5e5b71f23cae514642966317317785008167772098da23ed7e","0x0a1b7917a2b5ac5e5b71f23cae514642966317317785008167772098da23ed7e","Success","5 Block Confirmations","null","1 min ago (Jun-10-2022 12:40:49 PM +UTC)","7038374"
"1654864944-911","https://goerli.etherscan.io/txs","0x18d28b091b8899af365c3a7662eca2af705f607a1813aa5b742236df9a1172c4","https://goerli.etherscan.io/tx/0x18d28b091b8899af365c3a7662eca2af705f607a1813aa5b742236df9a1172c4","0x18d28b091b8899af365c3a7662eca2af705f607a1813aa5b742236df9a1172c4","Success","5 Block Confirmations","null","1 min ago (Jun-10-2022 12:40:49 PM +UTC)","7038374"
"1654864869-862","https://goerli.etherscan.io/txs","0xdabf3a8d8d53cb520f0c5ac253f6c92ede70efb31be05b901ac95a4cf47e921e","https://goerli.etherscan.io/tx/0xdabf3a8d8d53cb520f0c5ac253f6c92ede70efb31be05b901ac95a4cf47e921e","0xdabf3a8d8d53cb520f0c5ac253f6c92ede70efb31be05b901ac95a4cf47e921e","Success","1 Block Confirmation","null","14 secs ago (Jun-10-2022 12:40:49 PM +UTC)","7038374"
"1654864919-900","https://goerli.etherscan.io/txs","0x2ca68f7c5de503a8a428696ffa77b5100ee534cffe0fc134375a3eb382ccdc98","https://goerli.etherscan.io/tx/0x2ca68f7c5de503a8a428696ffa77b5100ee534cffe0fc134375a3eb382ccdc98","0x2ca68f7c5de503a8a428696ffa77b5100ee534cffe0fc134375a3eb382ccdc98","Success","3 Block Confirmations","null","1 min ago (Jun-10-2022 12:40:49 PM +UTC)","7038374"
"1654864895-882","https://goerli.etherscan.io/txs","0x01fe7c133ea404853111844990a2a17ef8eadcfdd6479513bc6583311eced25e","https://goerli.etherscan.io/tx/0x01fe7c133ea404853111844990a2a17ef8eadcfdd6479513bc6583311eced25e","0x01fe7c133ea404853111844990a2a17ef8eadcfdd6479513bc6583311eced25e","Success","3 Block Confirmations","null","41 secs ago (Jun-10-2022 12:40:49 PM +UTC)","7038374"
"1654864960-917","https://goerli.etherscan.io/txs","0xbd17ea4e26475995ec344b62838c5289c1373da306b561e890a7335c4bd6b44a","https://goerli.etherscan.io/tx/0xbd17ea4e26475995ec344b62838c5289c1373da306b561e890a7335c4bd6b44a","0xbd17ea4e26475995ec344b62838c5289c1373da306b561e890a7335c4bd6b44a","Success","7 Block Confirmations","null","1 min ago (Jun-10-2022 12:40:49 PM +UTC)","7038374"
"1654864977-923","https://goerli.etherscan.io/txs","0x044c3a05fe44907d4c40ec6acf5ba159089767dcd4b292dd08d718510000786a","https://goerli.etherscan.io/tx/0x044c3a05fe44907d4c40ec6acf5ba159089767dcd4b292dd08d718510000786a","0x044c3a05fe44907d4c40ec6acf5ba159089767dcd4b292dd08d718510000786a","Success","7 Block Confirmations","null","2 mins ago (Jun-10-2022 12:40:49 PM +UTC)","7038374"
"1654864922-902","https://goerli.etherscan.io/txs","0xe71060724c6738bf28cfa54e7f4b6a4451e2c5db36d6eba7759ba06448232b7f","https://goerli.etherscan.io/tx/0xe71060724c6738bf28cfa54e7f4b6a4451e2c5db36d6eba7759ba06448232b7f","0xe71060724c6738bf28cfa54e7f4b6a4451e2c5db36d6eba7759ba06448232b7f","Success","5 Block Confirmations","null","1 min ago (Jun-10-2022 12:40:49 PM +UTC)","7038374"
"1654864982-925","https://goerli.etherscan.io/txs","0xba2a4bda33ed20375fde30283ac2f56a45b4a2cdbbed979f90f079ef5f0eb712","https://goerli.etherscan.io/tx/0xba2a4bda33ed20375fde30283ac2f56a45b4a2cdbbed979f90f079ef5f0eb712","0xba2a4bda33ed20375fde30283ac2f56a45b4a2cdbbed979f90f079ef5f0eb712","Success","7 Block Confirmations","null","2 mins ago (Jun-10-2022 12:40:49 PM +UTC)","7038374"
"1654864871-864","https://goerli.etherscan.io/txs","0x0dfaf085ef88aaee4565aedf806cc30bf78d404d576511d4405725b868da5f61","https://goerli.etherscan.io/tx/0x0dfaf085ef88aaee4565aedf806cc30bf78d404d576511d4405725b868da5f61","0x0dfaf085ef88aaee4565aedf806cc30bf78d404d576511d4405725b868da5f61","Success","1 Block Confirmation","null","17 secs ago (Jun-10-2022 12:40:49 PM +UTC)","7038374"
"1654864903-888","https://goerli.etherscan.io/txs","0x852c05e7978ebd9966e1bb8d39f7a7572990efc22336c9b496e00bb34a4b13d3","https://goerli.etherscan.io/tx/0x852c05e7978ebd9966e1bb8d39f7a7572990efc22336c9b496e00bb34a4b13d3","0x852c05e7978ebd9966e1bb8d39f7a7572990efc22336c9b496e00bb34a4b13d3","Success","3 Block Confirmations","null","49 secs ago (Jun-10-2022 12:40:49 PM +UTC)","7038374"
"1654864911-894","https://goerli.etherscan.io/txs","0x01beecc73349e360b802cae99b02c88ffe94a753789cad6529c612404b57f39b","https://goerli.etherscan.io/tx/0x01beecc73349e360b802cae99b02c88ffe94a753789cad6529c612404b57f39b","0x01beecc73349e360b802cae99b02c88ffe94a753789cad6529c612404b57f39b","Success","3 Block Confirmations","null","57 secs ago (Jun-10-2022 12:40:49 PM +UTC)","7038374"
"1654864966-919","https://goerli.etherscan.io/txs","0x2030de0f850e5678a8b27b6075f65e56aca7c65a4ead09a7c5711871be56638e","https://goerli.etherscan.io/tx/0x2030de0f850e5678a8b27b6075f65e56aca7c65a4ead09a7c5711871be56638e","0x2030de0f850e5678a8b27b6075f65e56aca7c65a4ead09a7c5711871be56638e","Success","7 Block Confirmations","null","1 min ago (Jun-10-2022 12:40:49 PM +UTC)","7038374"
"1654864974-922","https://goerli.etherscan.io/txs","0x3fb15eb641223660eb5e881f8f07f15f86d75061740d51d51a6b820402b9b086","https://goerli.etherscan.io/tx/0x3fb15eb641223660eb5e881f8f07f15f86d75061740d51d51a6b820402b9b086","0x3fb15eb641223660eb5e881f8f07f15f86d75061740d51d51a6b820402b9b086","Success","7 Block Confirmations","null","2 mins ago (Jun-10-2022 12:40:49 PM +UTC)","7038374"
"1654864885-874","https://goerli.etherscan.io/txs","0x7b243a00288f666ac6c8a399ddf37290d7bed494ba462245211cecd8b502a359","https://goerli.etherscan.io/tx/0x7b243a00288f666ac6c8a399ddf37290d7bed494ba462245211cecd8b502a359","0x7b243a00288f666ac6c8a399ddf37290d7bed494ba462245211cecd8b502a359","Success","1 Block Confirmation","null","30 secs ago (Jun-10-2022 12:40:49 PM +UTC)","7038374"
"1654864995-930","https://goerli.etherscan.io/txs","0xf171fe818c51dfb227fae3f5575eff8daae1f1ecb0bde0939072920cfed9260b","https://goerli.etherscan.io/tx/0xf171fe818c51dfb227fae3f5575eff8daae1f1ecb0bde0939072920cfed9260b","0xf171fe818c51dfb227fae3f5575eff8daae1f1ecb0bde0939072920cfed9260b","Success","9 Block Confirmations","null","2 mins ago (Jun-10-2022 12:40:49 PM +UTC)","7038374"
"1654864917-898","https://goerli.etherscan.io/txs","0x24661d39c46b41c013921ab8260d6cff7a9b72c1ae66ab214f7bd237941d5930","https://goerli.etherscan.io/tx/0x24661d39c46b41c013921ab8260d6cff7a9b72c1ae66ab214f7bd237941d5930","0x24661d39c46b41c013921ab8260d6cff7a9b72c1ae66ab214f7bd237941d5930","Success","3 Block Confirmations","null","1 min ago (Jun-10-2022 12:40:49 PM +UTC)","7038374"
"1654864990-928","https://goerli.etherscan.io/txs","0xc3099df44f29c49aed80b9df8f8cfa046af369180d944f2ff8edda4bee022b10","https://goerli.etherscan.io/tx/0xc3099df44f29c49aed80b9df8f8cfa046af369180d944f2ff8edda4bee022b10","0xc3099df44f29c49aed80b9df8f8cfa046af369180d944f2ff8edda4bee022b10","Success","9 Block Confirmations","null","2 mins ago (Jun-10-2022 12:40:49 PM +UTC)","7038374"
"1654864953-914","https://goerli.etherscan.io/txs","0x9249a3ee7abf0d8d206bee36812de0a019606b5e7ea130fb7cf4d5f0c41ee142","https://goerli.etherscan.io/tx/0x9249a3ee7abf0d8d206bee36812de0a019606b5e7ea130fb7cf4d5f0c41ee142","0x9249a3ee7abf0d8d206bee36812de0a019606b5e7ea130fb7cf4d5f0c41ee142","Success","5 Block Confirmations","null","1 min ago (Jun-10-2022 12:40:49 PM +UTC)","7038374"
"1654864914-895","https://goerli.etherscan.io/txs","0x0fe0f9f7f313bb9f1fafeed2638a1e3817ef81b180cc508261c13c3d60f9c248","https://goerli.etherscan.io/tx/0x0fe0f9f7f313bb9f1fafeed2638a1e3817ef81b180cc508261c13c3d60f9c248","0x0fe0f9f7f313bb9f1fafeed2638a1e3817ef81b180cc508261c13c3d60f9c248","Success","3 Block Confirmations","null","1 min ago (Jun-10-2022 12:40:49 PM +UTC)","7038374"
"1654864928-905","https://goerli.etherscan.io/txs","0x69ea99e1c3766ef27044881da7a04188e449fd54e6650d7a33cf55501015c3f4","https://goerli.etherscan.io/tx/0x69ea99e1c3766ef27044881da7a04188e449fd54e6650d7a33cf55501015c3f4","0x69ea99e1c3766ef27044881da7a04188e449fd54e6650d7a33cf55501015c3f4","Success","5 Block Confirmations","null","1 min ago (Jun-10-2022 12:40:49 PM +UTC)","7038374"
"1654864925-904","https://goerli.etherscan.io/txs","0x07528f095f31810f3d889e98db516483d006dae9b6cedaa619bf044864b89040","https://goerli.etherscan.io/tx/0x07528f095f31810f3d889e98db516483d006dae9b6cedaa619bf044864b89040","0x07528f095f31810f3d889e98db516483d006dae9b6cedaa619bf044864b89040","Success","5 Block Confirmations","null","1 min ago (Jun-10-2022 12:40:49 PM +UTC)","7038374"
"1654864942-910","https://goerli.etherscan.io/txs","0xc5b2174c9c695a455cdfa10549990734e9e6d146deb6b63adc478e7d54d631b9","https://goerli.etherscan.io/tx/0xc5b2174c9c695a455cdfa10549990734e9e6d146deb6b63adc478e7d54d631b9","0xc5b2174c9c695a455cdfa10549990734e9e6d146deb6b63adc478e7d54d631b9","Success","5 Block Confirmations","null","1 min ago (Jun-10-2022 12:40:49 PM +UTC)","7038374"
"1654864898-884","https://goerli.etherscan.io/txs","0xceef270c43bb69d1cb473458562828adc7a924d6b9b75abdc1d9d6782f830d78","https://goerli.etherscan.io/tx/0xceef270c43bb69d1cb473458562828adc7a924d6b9b75abdc1d9d6782f830d78","0xceef270c43bb69d1cb473458562828adc7a924d6b9b75abdc1d9d6782f830d78","Success","3 Block Confirmations","null","43 secs ago (Jun-10-2022 12:40:49 PM +UTC)","7038374"
"1654864988-927","https://goerli.etherscan.io/txs","0x65061c4af9a6030bf25207cb1db055fee8443105176c90f6066a76725f77a109","https://goerli.etherscan.io/tx/0x65061c4af9a6030bf25207cb1db055fee8443105176c90f6066a76725f77a109","0x65061c4af9a6030bf25207cb1db055fee8443105176c90f6066a76725f77a109","Success","9 Block Confirmations","null","2 mins ago (Jun-10-2022 12:40:49 PM +UTC)","7038374"
"1654864963-918","https://goerli.etherscan.io/txs","0xbcbabcb1ce61ce93719ad00a34e145b2739a93a180254c5d495484f8e1dcab9d","https://goerli.etherscan.io/tx/0xbcbabcb1ce61ce93719ad00a34e145b2739a93a180254c5d495484f8e1dcab9d","0xbcbabcb1ce61ce93719ad00a34e145b2739a93a180254c5d495484f8e1dcab9d","Success","7 Block Confirmations","null","1 min ago (Jun-10-2022 12:40:49 PM +UTC)","7038374"
"1654864909-891","https://goerli.etherscan.io/txs","0xe571c7594e9a22dfe5024c30da74ae849f58e6e059493365a44f9b2d8e478029","https://goerli.etherscan.io/tx/0xe571c7594e9a22dfe5024c30da74ae849f58e6e059493365a44f9b2d8e478029","0xe571c7594e9a22dfe5024c30da74ae849f58e6e059493365a44f9b2d8e478029","Success","3 Block Confirmations","null","54 secs ago (Jun-10-2022 12:40:49 PM +UTC)","7038374"
"1654864958-916","https://goerli.etherscan.io/txs","0x5563f21c3d85304a5e10aa28a9f0ed1750f35cb601e7260636ee77bbfba6fe87","https://goerli.etherscan.io/tx/0x5563f21c3d85304a5e10aa28a9f0ed1750f35cb601e7260636ee77bbfba6fe87","0x5563f21c3d85304a5e10aa28a9f0ed1750f35cb601e7260636ee77bbfba6fe87","Success","7 Block Confirmations","null","1 min ago (Jun-10-2022 12:40:49 PM +UTC)","7038374"
"1654864971-921","https://goerli.etherscan.io/txs","0xdb273bf2f696b247341cc14e7a5986cbe982d2d8d8027028560e3facd29d8d30","https://goerli.etherscan.io/tx/0xdb273bf2f696b247341cc14e7a5986cbe982d2d8d8027028560e3facd29d8d30","0xdb273bf2f696b247341cc14e7a5986cbe982d2d8d8027028560e3facd29d8d30","Success","7 Block Confirmations","null","1 min ago (Jun-10-2022 12:40:49 PM +UTC)","7038374"
"1654864874-866","https://goerli.etherscan.io/txs","0x5180330c4637d6811f2dacadf1a39fba568948f3fae7f204d6fa6276f7878a70","https://goerli.etherscan.io/tx/0x5180330c4637d6811f2dacadf1a39fba568948f3fae7f204d6fa6276f7878a70","0x5180330c4637d6811f2dacadf1a39fba568948f3fae7f204d6fa6276f7878a70","Success","1 Block Confirmation","null","19 secs ago (Jun-10-2022 12:40:49 PM +UTC)","7038374"
"1654864888-876","https://goerli.etherscan.io/txs","0x8b92d1ff938ba91e990e9af5a0c2a1d07d7842bdc03ecc353f2023ebc235cb47","https://goerli.etherscan.io/tx/0x8b92d1ff938ba91e990e9af5a0c2a1d07d7842bdc03ecc353f2023ebc235cb47","0x8b92d1ff938ba91e990e9af5a0c2a1d07d7842bdc03ecc353f2023ebc235cb47","Success","1 Block Confirmation","null","33 secs ago (Jun-10-2022 12:40:49 PM +UTC)","7038374"
"1654864866-860","https://goerli.etherscan.io/txs","0x196b499b9fe4e321cb143ee244cd401a374577a0102f08a0d26732239d7f6e13","https://goerli.etherscan.io/tx/0x196b499b9fe4e321cb143ee244cd401a374577a0102f08a0d26732239d7f6e13","0x196b499b9fe4e321cb143ee244cd401a374577a0102f08a0d26732239d7f6e13","Success","1 Block Confirmation","null","11 secs ago (Jun-10-2022 12:40:49 PM +UTC)","7038374"
"1654864969-920","https://goerli.etherscan.io/txs","0x1da927a606b32fcb84b53b05919586d9f8019bc46850e15f5e8c99d8541eaa2c","https://goerli.etherscan.io/tx/0x1da927a606b32fcb84b53b05919586d9f8019bc46850e15f5e8c99d8541eaa2c","0x1da927a606b32fcb84b53b05919586d9f8019bc46850e15f5e8c99d8541eaa2c","Success","7 Block Confirmations","null","1 min ago (Jun-10-2022 12:40:49 PM +UTC)","7038374"
"1654864882-872","https://goerli.etherscan.io/txs","0xbe00f64d9751ac59f79624a3724d0b41ca45b362f993f3aeaa3dc231b2c01a60","https://goerli.etherscan.io/tx/0xbe00f64d9751ac59f79624a3724d0b41ca45b362f993f3aeaa3dc231b2c01a60","0xbe00f64d9751ac59f79624a3724d0b41ca45b362f993f3aeaa3dc231b2c01a60","Success","1 Block Confirmation","null","28 secs ago (Jun-10-2022 12:40:49 PM +UTC)","7038374"
"1654864998-931","https://goerli.etherscan.io/txs","0x4bcdbc591691995dd0c682e16d464ddf09bfee151b44556cd9a354d6fb2dbd63","https://goerli.etherscan.io/tx/0x4bcdbc591691995dd0c682e16d464ddf09bfee151b44556cd9a354d6fb2dbd63","0x4bcdbc591691995dd0c682e16d464ddf09bfee151b44556cd9a354d6fb2dbd63","Success","9 Block Confirmations","null","2 mins ago (Jun-10-2022 12:40:49 PM +UTC)","7038374"
"1654864906-890","https://goerli.etherscan.io/txs","0xcd1909d51d690d979bb41290a5266c1b4bb813cf8598a873a084749b9c96e678","https://goerli.etherscan.io/tx/0xcd1909d51d690d979bb41290a5266c1b4bb813cf8598a873a084749b9c96e678","0xcd1909d51d690d979bb41290a5266c1b4bb813cf8598a873a084749b9c96e678","Success","3 Block Confirmations","null","51 secs ago (Jun-10-2022 12:40:49 PM +UTC)","7038374"
"1654864985-926","https://goerli.etherscan.io/txs","0x8486d40f5549fda5ff56e30d321658db4679b7d7748c241258cdbe881d3c1daa","https://goerli.etherscan.io/tx/0x8486d40f5549fda5ff56e30d321658db4679b7d7748c241258cdbe881d3c1daa","0x8486d40f5549fda5ff56e30d321658db4679b7d7748c241258cdbe881d3c1daa","Success","9 Block Confirmations","null","2 mins ago (Jun-10-2022 12:40:49 PM +UTC)","7038374"
"1654864877-868","https://goerli.etherscan.io/txs","0x7c484414da0952b13bcf6a6d00be1a583292fb60a61282a618d4acf0f3413911","https://goerli.etherscan.io/tx/0x7c484414da0952b13bcf6a6d00be1a583292fb60a61282a618d4acf0f3413911","0x7c484414da0952b13bcf6a6d00be1a583292fb60a61282a618d4acf0f3413911","Success","1 Block Confirmation","null","22 secs ago (Jun-10-2022 12:40:49 PM +UTC)","7038374"
"1654864893-880","https://goerli.etherscan.io/txs","0x827ca1626c3f8dc2a09fd64d8fe7cb8ff0ce31cb6569ce3653c53ce9189f30b8","https://goerli.etherscan.io/tx/0x827ca1626c3f8dc2a09fd64d8fe7cb8ff0ce31cb6569ce3653c53ce9189f30b8","0x827ca1626c3f8dc2a09fd64d8fe7cb8ff0ce31cb6569ce3653c53ce9189f30b8","Success","3 Block Confirmations","null","38 secs ago (Jun-10-2022 12:40:49 PM +UTC)","7038374"
"1654864936-908","https://goerli.etherscan.io/txs","0xedcf29a1f0a035d8cad8775cb5f1271b4e411b12e3f26e7573b3ba2bb55e6046","https://goerli.etherscan.io/tx/0xedcf29a1f0a035d8cad8775cb5f1271b4e411b12e3f26e7573b3ba2bb55e6046","0xedcf29a1f0a035d8cad8775cb5f1271b4e411b12e3f26e7573b3ba2bb55e6046","Success","5 Block Confirmations","null","1 min ago (Jun-10-2022 12:40:49 PM +UTC)","7038374"
"1654864890-878","https://goerli.etherscan.io/txs","0x672337902dfd902f0877972c9558f838289a605522ef793ddbcb206552e92d7a","https://goerli.etherscan.io/tx/0x672337902dfd902f0877972c9558f838289a605522ef793ddbcb206552e92d7a","0x672337902dfd902f0877972c9558f838289a605522ef793ddbcb206552e92d7a","Success","1 Block Confirmation","null","36 secs ago (Jun-10-2022 12:40:49 PM +UTC)","7038374"
"1654864939-909","https://goerli.etherscan.io/txs","0x2d301d74244f36200736f539673ced1687ea6f3d59f181b97ba560bc9f4b5bc6","https://goerli.etherscan.io/tx/0x2d301d74244f36200736f539673ced1687ea6f3d59f181b97ba560bc9f4b5bc6","0x2d301d74244f36200736f539673ced1687ea6f3d59f181b97ba560bc9f4b5bc6","Success","5 Block Confirmations","null","1 min ago (Jun-10-2022 12:40:49 PM +UTC)","7038374"
"1654864947-912","https://goerli.etherscan.io/txs","0x0bbc73172379a85a198a476f9f7f495f9e5b694cd0c2a39df0ec3b614836066a","https://goerli.etherscan.io/tx/0x0bbc73172379a85a198a476f9f7f495f9e5b694cd0c2a39df0ec3b614836066a","0x0bbc73172379a85a198a476f9f7f495f9e5b694cd0c2a39df0ec3b614836066a","Success","5 Block Confirmations","null","1 min ago (Jun-10-2022 12:40:49 PM +UTC)","7038374"
"1654864980-924","https://goerli.etherscan.io/txs","0x827ae8ca09904b0efeb1b079233acc1b575b9a65a2462e810af28509c2c86843","https://goerli.etherscan.io/tx/0x827ae8ca09904b0efeb1b079233acc1b575b9a65a2462e810af28509c2c86843","0x827ae8ca09904b0efeb1b079233acc1b575b9a65a2462e810af28509c2c86843","Success","7 Block Confirmations","null","2 mins ago (Jun-10-2022 12:40:49 PM +UTC)","7038374"
"1654864950-913","https://goerli.etherscan.io/txs","0x59d7da3610c95de81b4f2ab905a4a28f1ed90d533f4658594de7ae6cbc42340d","https://goerli.etherscan.io/tx/0x59d7da3610c95de81b4f2ab905a4a28f1ed90d533f4658594de7ae6cbc42340d","0x59d7da3610c95de81b4f2ab905a4a28f1ed90d533f4658594de7ae6cbc42340d","Success","5 Block Confirmations","null","1 min ago (Jun-10-2022 12:40:49 PM +UTC)","7038374"
"1654864900-886","https://goerli.etherscan.io/txs","0xd2cfa4095799518f749871ac152916c05e89ae5a3f79c4df018b8c05467b7d36","https://goerli.etherscan.io/tx/0xd2cfa4095799518f749871ac152916c05e89ae5a3f79c4df018b8c05467b7d36","0xd2cfa4095799518f749871ac152916c05e89ae5a3f79c4df018b8c05467b7d36","Success","3 Block Confirmations","null","46 secs ago (Jun-10-2022 12:40:49 PM +UTC)","7038374"
"1654864993-929","https://goerli.etherscan.io/txs","0x53ec858f22e9f5e4c01eb59971726e687db68142146f665b78ebf3bfb687d6a6","https://goerli.etherscan.io/tx/0x53ec858f22e9f5e4c01eb59971726e687db68142146f665b78ebf3bfb687d6a6","0x53ec858f22e9f5e4c01eb59971726e687db68142146f665b78ebf3bfb687d6a6","Success","9 Block Confirmations","null","2 mins ago (Jun-10-2022 12:40:49 PM +UTC)","7038374"
"1654864931-906","https://goerli.etherscan.io/txs","0x79531e960991323a74dfc56ba43ae376ce19346bd8bbfc0caea82164fd459ee4","https://goerli.etherscan.io/tx/0x79531e960991323a74dfc56ba43ae376ce19346bd8bbfc0caea82164fd459ee4","0x79531e960991323a74dfc56ba43ae376ce19346bd8bbfc0caea82164fd459ee4","Success","5 Block Confirmations","null","1 min ago (Jun-10-2022 12:40:49 PM +UTC)","7038374"
"1654864880-870","https://goerli.etherscan.io/txs","0xb98ebecb4fd90ae2fe4131b964244d827b7d58699b3f631855fc88ff2f5f4e54","https://goerli.etherscan.io/tx/0xb98ebecb4fd90ae2fe4131b964244d827b7d58699b3f631855fc88ff2f5f4e54","0xb98ebecb4fd90ae2fe4131b964244d827b7d58699b3f631855fc88ff2f5f4e54","Success","1 Block Confirmation","null","25 secs ago (Jun-10-2022 12:40:49 PM +UTC)","7038374"
"1654864955-915","https://goerli.etherscan.io/txs","0xd0cdb38c0faf72b00412c6d7b4d7ba6be32c2574626b46a5151929a28d351823","https://goerli.etherscan.io/tx/0xd0cdb38c0faf72b00412c6d7b4d7ba6be32c2574626b46a5151929a28d351823","0xd0cdb38c0faf72b00412c6d7b4d7ba6be32c2574626b46a5151929a28d351823","Success","7 Block Confirmations","null","1 min ago (Jun-10-2022 12:40:49 PM +UTC)","7038374"
"1654864933-907","https://goerli.etherscan.io/txs","0x0a1b7917a2b5ac5e5b71f23cae514642966317317785008167772098da23ed7e","https://goerli.etherscan.io/tx/0x0a1b7917a2b5ac5e5b71f23cae514642966317317785008167772098da23ed7e","0x0a1b7917a2b5ac5e5b71f23cae514642966317317785008167772098da23ed7e","Success","5 Block Confirmations","null","1 min ago (Jun-10-2022 12:40:49 PM +UTC)","7038374"
"1654864944-911","https://goerli.etherscan.io/txs","0x18d28b091b8899af365c3a7662eca2af705f607a1813aa5b742236df9a1172c4","https://goerli.etherscan.io/tx/0x18d28b091b8899af365c3a7662eca2af705f607a1813aa5b742236df9a1172c4","0x18d28b091b8899af365c3a7662eca2af705f607a1813aa5b742236df9a1172c4","Success","5 Block Confirmations","null","1 min ago (Jun-10-2022 12:40:49 PM +UTC)","7038374"
"1654864869-862","https://goerli.etherscan.io/txs","0xdabf3a8d8d53cb520f0c5ac253f6c92ede70efb31be05b901ac95a4cf47e921e","https://goerli.etherscan.io/tx/0xdabf3a8d8d53cb520f0c5ac253f6c92ede70efb31be05b901ac95a4cf47e921e","0xdabf3a8d8d53cb520f0c5ac253f6c92ede70efb31be05b901ac95a4cf47e921e","Success","1 Block Confirmation","null","14 secs ago (Jun-10-2022 12:40:49 PM +UTC)","7038374"
"1654864919-900","https://goerli.etherscan.io/txs","0x2ca68f7c5de503a8a428696ffa77b5100ee534cffe0fc134375a3eb382ccdc98","https://goerli.etherscan.io/tx/0x2ca68f7c5de503a8a428696ffa77b5100ee534cffe0fc134375a3eb382ccdc98","0x2ca68f7c5de503a8a428696ffa77b5100ee534cffe0fc134375a3eb382ccdc98","Success","3 Block Confirmations","null","1 min ago (Jun-10-2022 12:40:49 PM +UTC)","7038374"
"1654864895-882","https://goerli.etherscan.io/txs","0x01fe7c133ea404853111844990a2a17ef8eadcfdd6479513bc6583311eced25e","https://goerli.etherscan.io/tx/0x01fe7c133ea404853111844990a2a17ef8eadcfdd6479513bc6583311eced25e","0x01fe7c133ea404853111844990a2a17ef8eadcfdd6479513bc6583311eced25e","Success","3 Block Confirmations","null","41 secs ago (Jun-10-2022 12:40:49 PM +UTC)","7038374"
"1654864960-917","https://goerli.etherscan.io/txs","0xbd17ea4e26475995ec344b62838c5289c1373da306b561e890a7335c4bd6b44a","https://goerli.etherscan.io/tx/0xbd17ea4e26475995ec344b62838c5289c1373da306b561e890a7335c4bd6b44a","0xbd17ea4e26475995ec344b62838c5289c1373da306b561e890a7335c4bd6b44a","Success","7 Block Confirmations","null","1 min ago (Jun-10-2022 12:40:49 PM +UTC)","7038374"
"1654864977-923","https://goerli.etherscan.io/txs","0x044c3a05fe44907d4c40ec6acf5ba159089767dcd4b292dd08d718510000786a","https://goerli.etherscan.io/tx/0x044c3a05fe44907d4c40ec6acf5ba159089767dcd4b292dd08d718510000786a","0x044c3a05fe44907d4c40ec6acf5ba159089767dcd4b292dd08d718510000786a","Success","7 Block Confirmations","null","2 mins ago (Jun-10-2022 12:40:49 PM +UTC)","7038374"
"1654864922-902","https://goerli.etherscan.io/txs","0xe71060724c6738bf28cfa54e7f4b6a4451e2c5db36d6eba7759ba06448232b7f","https://goerli.etherscan.io/tx/0xe71060724c6738bf28cfa54e7f4b6a4451e2c5db36d6eba7759ba06448232b7f","0xe71060724c6738bf28cfa54e7f4b6a4451e2c5db36d6eba7759ba06448232b7f","Success","5 Block Confirmations","null","1 min ago (Jun-10-2022 12:40:49 PM +UTC)","7038374"
"1654864982-925","https://goerli.etherscan.io/txs","0xba2a4bda33ed20375fde30283ac2f56a45b4a2cdbbed979f90f079ef5f0eb712","https://goerli.etherscan.io/tx/0xba2a4bda33ed20375fde30283ac2f56a45b4a2cdbbed979f90f079ef5f0eb712","0xba2a4bda33ed20375fde30283ac2f56a45b4a2cdbbed979f90f079ef5f0eb712","Success","7 Block Confirmations","null","2 mins ago (Jun-10-2022 12:40:49 PM +UTC)","7038374"
"1654864871-864","https://goerli.etherscan.io/txs","0x0dfaf085ef88aaee4565aedf806cc30bf78d404d576511d4405725b868da5f61","https://goerli.etherscan.io/tx/0x0dfaf085ef88aaee4565aedf806cc30bf78d404d576511d4405725b868da5f61","0x0dfaf085ef88aaee4565aedf806cc30bf78d404d576511d4405725b868da5f61","Success","1 Block Confirmation","null","17 secs ago (Jun-10-2022 12:40:49 PM +UTC)","7038374"
"1654864903-888","https://goerli.etherscan.io/txs","0x852c05e7978ebd9966e1bb8d39f7a7572990efc22336c9b496e00bb34a4b13d3","https://goerli.etherscan.io/tx/0x852c05e7978ebd9966e1bb8d39f7a7572990efc22336c9b496e00bb34a4b13d3","0x852c05e7978ebd9966e1bb8d39f7a7572990efc22336c9b496e00bb34a4b13d3","Success","3 Block Confirmations","null","49 secs ago (Jun-10-2022 12:40:49 PM +UTC)","7038374"
"1654864823-835","https://goerli.etherscan.io/txs","0xc7d7c4c495bfd98e217dc01f7a97dd826833f08654264f4cb80faa671948afe9","https://goerli.etherscan.io/tx/0xc7d7c4c495bfd98e217dc01f7a97dd826833f08654264f4cb80faa671948afe9","0xc7d7c4c495bfd98e217dc01f7a97dd826833f08654264f4cb80faa671948afe9","Success","7 Block Confirmations","null","1 min ago (Jun-10-2022 12:38:18 PM +UTC)","7038364"
"1654864812-827","https://goerli.etherscan.io/txs","0x48cf415bf247aa120b928b03eecc265c8cd704942f022b73c12a4324c027a8f4","https://goerli.etherscan.io/tx/0x48cf415bf247aa120b928b03eecc265c8cd704942f022b73c12a4324c027a8f4","0x48cf415bf247aa120b928b03eecc265c8cd704942f022b73c12a4324c027a8f4","Success","7 Block Confirmations","null","1 min ago (Jun-10-2022 12:38:18 PM +UTC)","7038364"
"1654864793-813","https://goerli.etherscan.io/txs","0x9e318150689866bf6a5207620ddc6ec55ce549f952961cb40f37bdd23d9efbfb","https://goerli.etherscan.io/tx/0x9e318150689866bf6a5207620ddc6ec55ce549f952961cb40f37bdd23d9efbfb","0x9e318150689866bf6a5207620ddc6ec55ce549f952961cb40f37bdd23d9efbfb","Success","5 Block Confirmations","null","1 min ago (Jun-10-2022 12:38:18 PM +UTC)","7038364"
"1654864761-794","https://goerli.etherscan.io/txs","0x1be23d2287d6c4123c5000073bc9681e09a23188c666898471a781a612fa62c3","https://goerli.etherscan.io/tx/0x1be23d2287d6c4123c5000073bc9681e09a23188c666898471a781a612fa62c3","0x1be23d2287d6c4123c5000073bc9681e09a23188c666898471a781a612fa62c3","Success","2 Block Confirmations","null","57 secs ago (Jun-10-2022 12:38:18 PM +UTC)","7038364"
"1654864788-811","https://goerli.etherscan.io/txs","0x5c3fad05048abc4bea84e1e3a1f35245e7a6a30db6163b5769550d5b11acb908","https://goerli.etherscan.io/tx/0x5c3fad05048abc4bea84e1e3a1f35245e7a6a30db6163b5769550d5b11acb908","0x5c3fad05048abc4bea84e1e3a1f35245e7a6a30db6163b5769550d5b11acb908","Success","5 Block Confirmations","null","1 min ago (Jun-10-2022 12:38:18 PM +UTC)","7038364"
"1654864804-821","https://goerli.etherscan.io/txs","0x85f151fd8c866a8ba2c33013eab7a031f3ee1c8fb305dba703ede3ae81a1b8f1","https://goerli.etherscan.io/tx/0x85f151fd8c866a8ba2c33013eab7a031f3ee1c8fb305dba703ede3ae81a1b8f1","0x85f151fd8c866a8ba2c33013eab7a031f3ee1c8fb305dba703ede3ae81a1b8f1","Success","7 Block Confirmations","null","1 min ago (Jun-10-2022 12:38:18 PM +UTC)","7038364"
"1654864815-829","https://goerli.etherscan.io/txs","0x4c643132d6b07b8e024ce33bc2d90389e487b9039b2d3039d174dc30888b69d7","https://goerli.etherscan.io/tx/0x4c643132d6b07b8e024ce33bc2d90389e487b9039b2d3039d174dc30888b69d7","0x4c643132d6b07b8e024ce33bc2d90389e487b9039b2d3039d174dc30888b69d7","Success","7 Block Confirmations","null","1 min ago (Jun-10-2022 12:38:18 PM +UTC)","7038364"
"1654864736-777","https://goerli.etherscan.io/txs","0x63309862417cb5bb9bb5db5bbadfe3420f2ea64142ea2eab6ee196157bcdee85","https://goerli.etherscan.io/tx/0x63309862417cb5bb9bb5db5bbadfe3420f2ea64142ea2eab6ee196157bcdee85","0x63309862417cb5bb9bb5db5bbadfe3420f2ea64142ea2eab6ee196157bcdee85","Success","1 Block Confirmation","null","33 secs ago (Jun-10-2022 12:38:18 PM +UTC)","7038364"
"1654864777-806","https://goerli.etherscan.io/txs","0x64cfeeece3301152da11dfea3ce0be2245dd17ce8082493123da3553cb8324bf","https://goerli.etherscan.io/tx/0x64cfeeece3301152da11dfea3ce0be2245dd17ce8082493123da3553cb8324bf","0x64cfeeece3301152da11dfea3ce0be2245dd17ce8082493123da3553cb8324bf","Success","5 Block Confirmations","null","1 min ago (Jun-10-2022 12:38:18 PM +UTC)","7038364"
"1654864722-767","https://goerli.etherscan.io/txs","0xbade7ad37df0d2148335af5c4c21fdd99bf099b3cd1581e311e63286de0f22ad","https://goerli.etherscan.io/tx/0xbade7ad37df0d2148335af5c4c21fdd99bf099b3cd1581e311e63286de0f22ad","0xbade7ad37df0d2148335af5c4c21fdd99bf099b3cd1581e311e63286de0f22ad","Success","1 Block Confirmation","null","19 secs ago (Jun-10-2022 12:38:18 PM +UTC)","7038364"
"1654864720-765","https://goerli.etherscan.io/txs","0x05fd1d11745680dba9f2eb72fdcd33e251aa043187c5422acf4a8669736ea550","https://goerli.etherscan.io/tx/0x05fd1d11745680dba9f2eb72fdcd33e251aa043187c5422acf4a8669736ea550","0x05fd1d11745680dba9f2eb72fdcd33e251aa043187c5422acf4a8669736ea550","Success","1 Block Confirmation","null","16 secs ago (Jun-10-2022 12:38:18 PM +UTC)","7038364"
"1654864750-786","https://goerli.etherscan.io/txs","0xf193124f498461b5dde32e3eb30f8303c76a49451aaa83e4331921d23c293475","https://goerli.etherscan.io/tx/0xf193124f498461b5dde32e3eb30f8303c76a49451aaa83e4331921d23c293475","0xf193124f498461b5dde32e3eb30f8303c76a49451aaa83e4331921d23c293475","Success","2 Block Confirmations","null","46 secs ago (Jun-10-2022 12:38:18 PM +UTC)","7038364"
"1654864826-837","https://goerli.etherscan.io/txs","0x2a9cd7411923837f986621c2fb6712caf60d445d200410124f69a38b05875575","https://goerli.etherscan.io/tx/0x2a9cd7411923837f986621c2fb6712caf60d445d200410124f69a38b05875575","0x2a9cd7411923837f986621c2fb6712caf60d445d200410124f69a38b05875575","Success","7 Block Confirmations","null","2 mins ago (Jun-10-2022 12:38:18 PM +UTC)","7038364"
"1654864763-796","https://goerli.etherscan.io/txs","0x3e16ad6f13d51146d635526d8ab3a6143061e7a8ef30615792b2d2d8519b2f82","https://goerli.etherscan.io/tx/0x3e16ad6f13d51146d635526d8ab3a6143061e7a8ef30615792b2d2d8519b2f82","0x3e16ad6f13d51146d635526d8ab3a6143061e7a8ef30615792b2d2d8519b2f82","Success","2 Block Confirmations","null","1 min ago (Jun-10-2022 12:38:18 PM +UTC)","7038364"
"1654864785-810","https://goerli.etherscan.io/txs","0x2d780b54ab722b932d5da0030dcf293cc9621d869a170c3b204e41170e76e11b","https://goerli.etherscan.io/tx/0x2d780b54ab722b932d5da0030dcf293cc9621d869a170c3b204e41170e76e11b","0x2d780b54ab722b932d5da0030dcf293cc9621d869a170c3b204e41170e76e11b","Success","5 Block Confirmations","null","1 min ago (Jun-10-2022 12:38:18 PM +UTC)","7038364"
"1654864741-781","https://goerli.etherscan.io/txs","0x1e9fe68f24050f47c2fe5d05e225c0d4b87d88a59ea601f072408654b3b1484f","https://goerli.etherscan.io/tx/0x1e9fe68f24050f47c2fe5d05e225c0d4b87d88a59ea601f072408654b3b1484f","0x1e9fe68f24050f47c2fe5d05e225c0d4b87d88a59ea601f072408654b3b1484f","Success","2 Block Confirmations","null","38 secs ago (Jun-10-2022 12:38:18 PM +UTC)","7038364"
"1654864779-808","https://goerli.etherscan.io/txs","0xfc7ec26dc7bc4fda38fc4e442762bce08caa56cf632f4bf7d1ff2be97e3bf0ef","https://goerli.etherscan.io/tx/0xfc7ec26dc7bc4fda38fc4e442762bce08caa56cf632f4bf7d1ff2be97e3bf0ef","0xfc7ec26dc7bc4fda38fc4e442762bce08caa56cf632f4bf7d1ff2be97e3bf0ef","Success","5 Block Confirmations","null","1 min ago (Jun-10-2022 12:38:18 PM +UTC)","7038364"
"1654864747-785","https://goerli.etherscan.io/txs","0xb8ee80999fc0593290fe1ea372ca54a206ad121c5d908b55eb8b9943a8c29062","https://goerli.etherscan.io/tx/0xb8ee80999fc0593290fe1ea372ca54a206ad121c5d908b55eb8b9943a8c29062","0xb8ee80999fc0593290fe1ea372ca54a206ad121c5d908b55eb8b9943a8c29062","Success","2 Block Confirmations","null","43 secs ago (Jun-10-2022 12:38:18 PM +UTC)","7038364"
"1654864774-804","https://goerli.etherscan.io/txs","0x429c75c210161f5f060a2f748deefd82ea9662639b752c1e9ccc2b151e5a98f2","https://goerli.etherscan.io/tx/0x429c75c210161f5f060a2f748deefd82ea9662639b752c1e9ccc2b151e5a98f2","0x429c75c210161f5f060a2f748deefd82ea9662639b752c1e9ccc2b151e5a98f2","Success","5 Block Confirmations","null","1 min ago (Jun-10-2022 12:38:18 PM +UTC)","7038364"
"1654864715-761","https://goerli.etherscan.io/txs","0xf823d5e694aee8d7bce42d29ef365ba617a0cb58f6435057d935aea8f9e130e1","https://goerli.etherscan.io/tx/0xf823d5e694aee8d7bce42d29ef365ba617a0cb58f6435057d935aea8f9e130e1","0xf823d5e694aee8d7bce42d29ef365ba617a0cb58f6435057d935aea8f9e130e1","Success","1 Block Confirmation","null","11 secs ago (Jun-10-2022 12:38:18 PM +UTC)","7038364"
"1654864809-825","https://goerli.etherscan.io/txs","0x08aa5cd2d089984f6c5ea6c646573d9d101a23868b3baa07e38f8ed315bd1e49","https://goerli.etherscan.io/tx/0x08aa5cd2d089984f6c5ea6c646573d9d101a23868b3baa07e38f8ed315bd1e49","0x08aa5cd2d089984f6c5ea6c646573d9d101a23868b3baa07e38f8ed315bd1e49","Success","7 Block Confirmations","null","1 min ago (Jun-10-2022 12:38:18 PM +UTC)","7038364"
"1654864739-779","https://goerli.etherscan.io/txs","0x11cc2b42e030bf90b8c310400a2f1da3f7c9aa83dfa286e82fd9c18baf8c4ca8","https://goerli.etherscan.io/tx/0x11cc2b42e030bf90b8c310400a2f1da3f7c9aa83dfa286e82fd9c18baf8c4ca8","0x11cc2b42e030bf90b8c310400a2f1da3f7c9aa83dfa286e82fd9c18baf8c4ca8","Success","2 Block Confirmations","null","35 secs ago (Jun-10-2022 12:38:18 PM +UTC)","7038364"
"1654864728-771","https://goerli.etherscan.io/txs","0x5c4dbdbcc4401d7ca1a4d52b9764765f0afdb4566c8002a2b2122aa564eddedb","https://goerli.etherscan.io/tx/0x5c4dbdbcc4401d7ca1a4d52b9764765f0afdb4566c8002a2b2122aa564eddedb","0x5c4dbdbcc4401d7ca1a4d52b9764765f0afdb4566c8002a2b2122aa564eddedb","Success","1 Block Confirmation","null","24 secs ago (Jun-10-2022 12:38:18 PM +UTC)","7038364"
"1654864801-819","https://goerli.etherscan.io/txs","0xf2e95a75c00b42760a40b3b7f004ff864f6edfaada614b6486459f927dcbc4fe","https://goerli.etherscan.io/tx/0xf2e95a75c00b42760a40b3b7f004ff864f6edfaada614b6486459f927dcbc4fe","0xf2e95a75c00b42760a40b3b7f004ff864f6edfaada614b6486459f927dcbc4fe","Success","7 Block Confirmations","null","1 min ago (Jun-10-2022 12:38:18 PM +UTC)","7038364"
"1654864837-845","https://goerli.etherscan.io/txs","0xc45dcbd7ef7a4aee74a60d160d0a21148da199860f7687876f1265d003028150","https://goerli.etherscan.io/tx/0xc45dcbd7ef7a4aee74a60d160d0a21148da199860f7687876f1265d003028150","0xc45dcbd7ef7a4aee74a60d160d0a21148da199860f7687876f1265d003028150","Success","9 Block Confirmations","null","2 mins ago (Jun-10-2022 12:38:18 PM +UTC)","7038364"
"1654864818-831","https://goerli.etherscan.io/txs","0x19c8b28c30d3ea2da6a2dfde2ac497abb3732bd5fadd48d25d6a5c43a6d8fd5e","https://goerli.etherscan.io/tx/0x19c8b28c30d3ea2da6a2dfde2ac497abb3732bd5fadd48d25d6a5c43a6d8fd5e","0x19c8b28c30d3ea2da6a2dfde2ac497abb3732bd5fadd48d25d6a5c43a6d8fd5e","Success","7 Block Confirmations","null","1 min ago (Jun-10-2022 12:38:18 PM +UTC)","7038364"
"1654864733-775","https://goerli.etherscan.io/txs","0x2d41caebe60a277d7935f0fcf83bd4ebe669a3fc5636e55596d0e6b581e21f6c","https://goerli.etherscan.io/tx/0x2d41caebe60a277d7935f0fcf83bd4ebe669a3fc5636e55596d0e6b581e21f6c","0x2d41caebe60a277d7935f0fcf83bd4ebe669a3fc5636e55596d0e6b581e21f6c","Success","1 Block Confirmation","null","30 secs ago (Jun-10-2022 12:38:18 PM +UTC)","7038364"
"1654864807-823","https://goerli.etherscan.io/txs","0x7cad7b04cf4aef283839bc4326f4952c1f678bb725b29243232b33ce7e760a2c","https://goerli.etherscan.io/tx/0x7cad7b04cf4aef283839bc4326f4952c1f678bb725b29243232b33ce7e760a2c","0x7cad7b04cf4aef283839bc4326f4952c1f678bb725b29243232b33ce7e760a2c","Success","7 Block Confirmations","null","1 min ago (Jun-10-2022 12:38:18 PM +UTC)","7038364"
"1654864753-788","https://goerli.etherscan.io/txs","0x3b3e1a8180414246a7559357dcb7edc1b66587cbe61ad448506879e2d1eb1cf2","https://goerli.etherscan.io/tx/0x3b3e1a8180414246a7559357dcb7edc1b66587cbe61ad448506879e2d1eb1cf2","0x3b3e1a8180414246a7559357dcb7edc1b66587cbe61ad448506879e2d1eb1cf2","Success","2 Block Confirmations","null","50 secs ago (Jun-10-2022 12:38:18 PM +UTC)","7038364"
"1654864829-839","https://goerli.etherscan.io/txs","0xc74edc12531ac4d91810606ad41415bbb0238694502a1e20ec701db57e90ac30","https://goerli.etherscan.io/tx/0xc74edc12531ac4d91810606ad41415bbb0238694502a1e20ec701db57e90ac30","0xc74edc12531ac4d91810606ad41415bbb0238694502a1e20ec701db57e90ac30","Success","7 Block Confirmations","null","2 mins ago (Jun-10-2022 12:38:18 PM +UTC)","7038364"
"1654864820-833","https://goerli.etherscan.io/txs","0xf37c88a9412051bb9f4b4665f130855fc025bb1ccda82db178dac00ed3d662e2","https://goerli.etherscan.io/tx/0xf37c88a9412051bb9f4b4665f130855fc025bb1ccda82db178dac00ed3d662e2","0xf37c88a9412051bb9f4b4665f130855fc025bb1ccda82db178dac00ed3d662e2","Success","7 Block Confirmations","null","1 min ago (Jun-10-2022 12:38:18 PM +UTC)","7038364"
"1654864845-852","https://goerli.etherscan.io/txs","0xed670785d217522fd22f6a20e4b0a3090e9b654f370a5cd4b9e327967a4849a5","https://goerli.etherscan.io/tx/0xed670785d217522fd22f6a20e4b0a3090e9b654f370a5cd4b9e327967a4849a5","0xed670785d217522fd22f6a20e4b0a3090e9b654f370a5cd4b9e327967a4849a5","Success","9 Block Confirmations","null","2 mins ago (Jun-10-2022 12:38:18 PM +UTC)","7038364"
"1654864831-841","https://goerli.etherscan.io/txs","0xcb64105ad4363a170f2fb6744b6edf7b00324689f42c4c546a6572693ab2b35e","https://goerli.etherscan.io/tx/0xcb64105ad4363a170f2fb6744b6edf7b00324689f42c4c546a6572693ab2b35e","0xcb64105ad4363a170f2fb6744b6edf7b00324689f42c4c546a6572693ab2b35e","Success","9 Block Confirmations","null","2 mins ago (Jun-10-2022 12:38:18 PM +UTC)","7038364"
"1654864756-790","https://goerli.etherscan.io/txs","0x9fd0cac30b1495dfe1f6d3671d6a05352ba46158c4b494bf59b813f635d9e095","https://goerli.etherscan.io/tx/0x9fd0cac30b1495dfe1f6d3671d6a05352ba46158c4b494bf59b813f635d9e095","0x9fd0cac30b1495dfe1f6d3671d6a05352ba46158c4b494bf59b813f635d9e095","Success","2 Block Confirmations","null","52 secs ago (Jun-10-2022 12:38:18 PM +UTC)","7038364"
"1654864758-792","https://goerli.etherscan.io/txs","0x02fc5edb58e2293a802161c2c56881d5a4e42df79fa0e792b69ef6aeb192a865","https://goerli.etherscan.io/tx/0x02fc5edb58e2293a802161c2c56881d5a4e42df79fa0e792b69ef6aeb192a865","0x02fc5edb58e2293a802161c2c56881d5a4e42df79fa0e792b69ef6aeb192a865","Success","2 Block Confirmations","null","55 secs ago (Jun-10-2022 12:38:18 PM +UTC)","7038364"
"1654864744-782","https://goerli.etherscan.io/txs","0xdfa1d9697f147641213079cce8194532d73ccc3b67d3c49b0dac36a9ba4b3a7f","https://goerli.etherscan.io/tx/0xdfa1d9697f147641213079cce8194532d73ccc3b67d3c49b0dac36a9ba4b3a7f","0xdfa1d9697f147641213079cce8194532d73ccc3b67d3c49b0dac36a9ba4b3a7f","Success","2 Block Confirmations","null","40 secs ago (Jun-10-2022 12:38:18 PM +UTC)","7038364"
"1654864790-812","https://goerli.etherscan.io/txs","0xd70edd24a895cea34a2055d1fac298ec2fdb28c2a55f7b589d4bd47c582a3484","https://goerli.etherscan.io/tx/0xd70edd24a895cea34a2055d1fac298ec2fdb28c2a55f7b589d4bd47c582a3484","0xd70edd24a895cea34a2055d1fac298ec2fdb28c2a55f7b589d4bd47c582a3484","Success","5 Block Confirmations","null","1 min ago (Jun-10-2022 12:38:18 PM +UTC)","7038364"
"1654864772-802","https://goerli.etherscan.io/txs","0x6fb62632e41f98fba6e2249fcb35207e47533c40b84160a4a8e9aaec06bc42ce","https://goerli.etherscan.io/tx/0x6fb62632e41f98fba6e2249fcb35207e47533c40b84160a4a8e9aaec06bc42ce","0x6fb62632e41f98fba6e2249fcb35207e47533c40b84160a4a8e9aaec06bc42ce","Success","5 Block Confirmations","null","1 min ago (Jun-10-2022 12:38:18 PM +UTC)","7038364"
"1654864843-850","https://goerli.etherscan.io/txs","0x392f05bc9ba70c4982c2ec77423be3f8d73aa241a4e008e17d6819118faac70f","https://goerli.etherscan.io/tx/0x392f05bc9ba70c4982c2ec77423be3f8d73aa241a4e008e17d6819118faac70f","0x392f05bc9ba70c4982c2ec77423be3f8d73aa241a4e008e17d6819118faac70f","Success","9 Block Confirmations","null","2 mins ago (Jun-10-2022 12:38:18 PM +UTC)","7038364"
"1654864717-763","https://goerli.etherscan.io/txs","0x066543e395b8a3308a87ddeb490ec1267dc5180954da200fab358064d01544f0","https://goerli.etherscan.io/tx/0x066543e395b8a3308a87ddeb490ec1267dc5180954da200fab358064d01544f0","0x066543e395b8a3308a87ddeb490ec1267dc5180954da200fab358064d01544f0","Success","1 Block Confirmation","null","14 secs ago (Jun-10-2022 12:38:18 PM +UTC)","7038364"
"1654864731-773","https://goerli.etherscan.io/txs","0x6807ac71de16c36e88eb8378b095b041c6bd85af07f9477185860dc780f7bf4d","https://goerli.etherscan.io/tx/0x6807ac71de16c36e88eb8378b095b041c6bd85af07f9477185860dc780f7bf4d","0x6807ac71de16c36e88eb8378b095b041c6bd85af07f9477185860dc780f7bf4d","Success","1 Block Confirmation","null","27 secs ago (Jun-10-2022 12:38:18 PM +UTC)","7038364"
"1654864834-843","https://goerli.etherscan.io/txs","0x3b42fa9fdd66e6b2283af1b46cbecda634fc26840ced03630432d06697bee09c","https://goerli.etherscan.io/tx/0x3b42fa9fdd66e6b2283af1b46cbecda634fc26840ced03630432d06697bee09c","0x3b42fa9fdd66e6b2283af1b46cbecda634fc26840ced03630432d06697bee09c","Success","9 Block Confirmations","null","2 mins ago (Jun-10-2022 12:38:18 PM +UTC)","7038364"
"1654864799-817","https://goerli.etherscan.io/txs","0x149ad6c67630ab95e0c5a70849b24fd6474da5453828c640d6fffdfaa0fd2b71","https://goerli.etherscan.io/tx/0x149ad6c67630ab95e0c5a70849b24fd6474da5453828c640d6fffdfaa0fd2b71","0x149ad6c67630ab95e0c5a70849b24fd6474da5453828c640d6fffdfaa0fd2b71","Success","5 Block Confirmations","null","1 min ago (Jun-10-2022 12:38:18 PM +UTC)","7038364"
"1654864769-800","https://goerli.etherscan.io/txs","0x44a56f9725ca4f9d5d2518df2f54c42bd0edf3dd149480ea88f3efa666d4b107","https://goerli.etherscan.io/tx/0x44a56f9725ca4f9d5d2518df2f54c42bd0edf3dd149480ea88f3efa666d4b107","0x44a56f9725ca4f9d5d2518df2f54c42bd0edf3dd149480ea88f3efa666d4b107","Success","5 Block Confirmations","null","1 min ago (Jun-10-2022 12:38:18 PM +UTC)","7038364"
"1654864766-798","https://goerli.etherscan.io/txs","0x3889068f510cdee15cdb68a9116626698e9fd7ed9cb6d107f76b61189a7300be","https://goerli.etherscan.io/tx/0x3889068f510cdee15cdb68a9116626698e9fd7ed9cb6d107f76b61189a7300be","0x3889068f510cdee15cdb68a9116626698e9fd7ed9cb6d107f76b61189a7300be","Success","2 Block Confirmations","null","1 min ago (Jun-10-2022 12:38:18 PM +UTC)","7038364"
"1654864712-759","https://goerli.etherscan.io/txs","0x6ae9590932b69deff286df7a20f5b406474649e2c2378915368b94b533103e79","https://goerli.etherscan.io/tx/0x6ae9590932b69deff286df7a20f5b406474649e2c2378915368b94b533103e79","0x6ae9590932b69deff286df7a20f5b406474649e2c2378915368b94b533103e79","Success","1 Block Confirmation","null","9 secs ago (Jun-10-2022 12:38:18 PM +UTC)","7038364"
"1654864796-815","https://goerli.etherscan.io/txs","0x1a617604a390e28bc4f414e4773e1af7c08d5c9450e76ef498233bee461f47d4","https://goerli.etherscan.io/tx/0x1a617604a390e28bc4f414e4773e1af7c08d5c9450e76ef498233bee461f47d4","0x1a617604a390e28bc4f414e4773e1af7c08d5c9450e76ef498233bee461f47d4","Success","5 Block Confirmations","null","1 min ago (Jun-10-2022 12:38:18 PM +UTC)","7038364"
"1654864840-848","https://goerli.etherscan.io/txs","0xe8d4b7ebb5c23b4bb5a2835ef49ee0fc43e813ff6a3313031239931afa7676f2","https://goerli.etherscan.io/tx/0xe8d4b7ebb5c23b4bb5a2835ef49ee0fc43e813ff6a3313031239931afa7676f2","0xe8d4b7ebb5c23b4bb5a2835ef49ee0fc43e813ff6a3313031239931afa7676f2","Success","9 Block Confirmations","null","2 mins ago (Jun-10-2022 12:38:18 PM +UTC)","7038364"
"1654864725-769","https://goerli.etherscan.io/txs","0xe7cf6a1e9f568a9d0fbbdba106522fdd3a5b6a462d1ce7214f9716a249857df0","https://goerli.etherscan.io/tx/0xe7cf6a1e9f568a9d0fbbdba106522fdd3a5b6a462d1ce7214f9716a249857df0","0xe7cf6a1e9f568a9d0fbbdba106522fdd3a5b6a462d1ce7214f9716a249857df0","Success","1 Block Confirmation","null","22 secs ago (Jun-10-2022 12:38:18 PM +UTC)","7038364"
"1654864782-809","https://goerli.etherscan.io/txs","0x1c2f6a8da8ef85d77c9ddc9d185f3c06460cc2daf5ae07b288ae30298027ed9f","https://goerli.etherscan.io/tx/0x1c2f6a8da8ef85d77c9ddc9d185f3c06460cc2daf5ae07b288ae30298027ed9f","0x1c2f6a8da8ef85d77c9ddc9d185f3c06460cc2daf5ae07b288ae30298027ed9f","Success","5 Block Confirmations","null","1 min ago (Jun-10-2022 12:38:18 PM +UTC)","7038364"
"1654864715-761","https://goerli.etherscan.io/txs","0xf823d5e694aee8d7bce42d29ef365ba617a0cb58f6435057d935aea8f9e130e1","https://goerli.etherscan.io/tx/0xf823d5e694aee8d7bce42d29ef365ba617a0cb58f6435057d935aea8f9e130e1","0xf823d5e694aee8d7bce42d29ef365ba617a0cb58f6435057d935aea8f9e130e1","Success","1 Block Confirmation","null","11 secs ago (Jun-10-2022 12:38:18 PM +UTC)","7038364"
"1654864712-759","https://goerli.etherscan.io/txs","0x6ae9590932b69deff286df7a20f5b406474649e2c2378915368b94b533103e79","https://goerli.etherscan.io/tx/0x6ae9590932b69deff286df7a20f5b406474649e2c2378915368b94b533103e79","0x6ae9590932b69deff286df7a20f5b406474649e2c2378915368b94b533103e79","Success","1 Block Confirmation","null","9 secs ago (Jun-10-2022 12:38:18 PM +UTC)","7038364"
"1654862363-106","https://goerli.etherscan.io/txs","0xd5cf7f8ade56026898a1bb921e5b9c201b19165b3f8cf5d7b5abad6497e368c3","https://goerli.etherscan.io/tx/0xd5cf7f8ade56026898a1bb921e5b9c201b19165b3f8cf5d7b5abad6497e368c3","0xd5cf7f8ade56026898a1bb921e5b9c201b19165b3f8cf5d7b5abad6497e368c3","Success","4 Block Confirmations","null","52 secs ago (Jun-10-2022 11:58:25 AM +UTC)","7038205"
"1654862447-145","https://goerli.etherscan.io/txs","0x6620599a34f79355ae0cd837a74160671be0648a3b95864ecf4f5343297f9bb2","https://goerli.etherscan.io/tx/0x6620599a34f79355ae0cd837a74160671be0648a3b95864ecf4f5343297f9bb2","0x6620599a34f79355ae0cd837a74160671be0648a3b95864ecf4f5343297f9bb2","Success","3 Block Confirmations","null","2 mins ago (Jun-10-2022 11:58:25 AM +UTC)","7038205"
"1654862476-166","https://goerli.etherscan.io/txs","0xc045ace0db4ee3c856960d21782305c85555db92b813b94099537eb1176feff5","https://goerli.etherscan.io/tx/0xc045ace0db4ee3c856960d21782305c85555db92b813b94099537eb1176feff5","0xc045ace0db4ee3c856960d21782305c85555db92b813b94099537eb1176feff5","Success","10 Block Confirmations","null","2 mins ago (Jun-10-2022 11:58:25 AM +UTC)","7038205"
"1654862459-153","https://goerli.etherscan.io/txs","0x57a6bc70aeda4a5563e8daaa149f791876b5ad41b22c5556830bf0438a83e595","https://goerli.etherscan.io/tx/0x57a6bc70aeda4a5563e8daaa149f791876b5ad41b22c5556830bf0438a83e595","0x57a6bc70aeda4a5563e8daaa149f791876b5ad41b22c5556830bf0438a83e595","Success","10 Block Confirmations","null","2 mins ago (Jun-10-2022 11:58:25 AM +UTC)","7038205"
"1654862425-129","https://goerli.etherscan.io/txs","0xbd209794fcf0b5ee5626801e409a1607ef82d5f1cd69e68858efb34e069533a4","https://goerli.etherscan.io/tx/0xbd209794fcf0b5ee5626801e409a1607ef82d5f1cd69e68858efb34e069533a4","0xbd209794fcf0b5ee5626801e409a1607ef82d5f1cd69e68858efb34e069533a4","Success","3 Block Confirmations","null","1 min ago (Jun-10-2022 11:58:25 AM +UTC)","7038205"
"1654862409-122","https://goerli.etherscan.io/txs","0xff75a9ebd0eb46c9a8e0042a2b91e37c284312f2621a91b49c4ee63938f4e7a0","https://goerli.etherscan.io/tx/0xff75a9ebd0eb46c9a8e0042a2b91e37c284312f2621a91b49c4ee63938f4e7a0","0xff75a9ebd0eb46c9a8e0042a2b91e37c284312f2621a91b49c4ee63938f4e7a0","Success","4 Block Confirmations","null","1 min ago (Jun-10-2022 11:58:25 AM +UTC)","7038205"
"1654862433-135","https://goerli.etherscan.io/txs","0xf6bdc9c58f69c26c7e978bedebcd8da57435a4afa15e950b83ef7ef64e3c72f5","https://goerli.etherscan.io/tx/0xf6bdc9c58f69c26c7e978bedebcd8da57435a4afa15e950b83ef7ef64e3c72f5","0xf6bdc9c58f69c26c7e978bedebcd8da57435a4afa15e950b83ef7ef64e3c72f5","Success","3 Block Confirmations","null","2 mins ago (Jun-10-2022 11:58:25 AM +UTC)","7038205"
"1654862392-116","https://goerli.etherscan.io/txs","0x6f1763faeeaedc322ff62a215cb34380aeb8bdfb011e8a754c864414e5729374","https://goerli.etherscan.io/tx/0x6f1763faeeaedc322ff62a215cb34380aeb8bdfb011e8a754c864414e5729374","0x6f1763faeeaedc322ff62a215cb34380aeb8bdfb011e8a754c864414e5729374","Success","4 Block Confirmations","null","1 min ago (Jun-10-2022 11:58:25 AM +UTC)","7038205"
"1654862374-110","https://goerli.etherscan.io/txs","0x97658de118af8bd98b16747103f5b345d2f42f35d2fed78a7d6c1b813fcd1c79","https://goerli.etherscan.io/tx/0x97658de118af8bd98b16747103f5b345d2f42f35d2fed78a7d6c1b813fcd1c79","0x97658de118af8bd98b16747103f5b345d2f42f35d2fed78a7d6c1b813fcd1c79","Success","4 Block Confirmations","null","1 min ago (Jun-10-2022 11:58:25 AM +UTC)","7038205"
"1654862479-167","https://goerli.etherscan.io/txs","0xe1472a3aa4616b90a9f701ade36a6c19e1a376cb2ad46d32f1421bc263625195","https://goerli.etherscan.io/tx/0xe1472a3aa4616b90a9f701ade36a6c19e1a376cb2ad46d32f1421bc263625195","0xe1472a3aa4616b90a9f701ade36a6c19e1a376cb2ad46d32f1421bc263625195","Success","10 Block Confirmations","null","2 mins ago (Jun-10-2022 11:58:25 AM +UTC)","7038205"
"1654862414-124","https://goerli.etherscan.io/txs","0x063b16a180c69114cb784f7c70c06832292e92de1e8e763cb79b16e372642ed4","https://goerli.etherscan.io/tx/0x063b16a180c69114cb784f7c70c06832292e92de1e8e763cb79b16e372642ed4","0x063b16a180c69114cb784f7c70c06832292e92de1e8e763cb79b16e372642ed4","Success","4 Block Confirmations","null","1 min ago (Jun-10-2022 11:58:25 AM +UTC)","7038205"
"1654862377-111","https://goerli.etherscan.io/txs","0x45bc4ed42f26c94f3f0a3241cc9b5927c8f02beba84052f0208c3b21fe6343d0","https://goerli.etherscan.io/tx/0x45bc4ed42f26c94f3f0a3241cc9b5927c8f02beba84052f0208c3b21fe6343d0","0x45bc4ed42f26c94f3f0a3241cc9b5927c8f02beba84052f0208c3b21fe6343d0","Success","4 Block Confirmations","null","1 min ago (Jun-10-2022 11:58:25 AM +UTC)","7038205"
"1654862450-147","https://goerli.etherscan.io/txs","0x84b296154e7fa90bb0a64e5efa99b986e429ebe513ab8da23ef756fd59a7c8af","https://goerli.etherscan.io/tx/0x84b296154e7fa90bb0a64e5efa99b986e429ebe513ab8da23ef756fd59a7c8af","0x84b296154e7fa90bb0a64e5efa99b986e429ebe513ab8da23ef756fd59a7c8af","Success","3 Block Confirmations","null","2 mins ago (Jun-10-2022 11:58:25 AM +UTC)","7038205"
"1654862467-159","https://goerli.etherscan.io/txs","0xa067ed2353dcb6d58f64648a84b371a3ac43f1ffaec0b9eca275517a2ca88a03","https://goerli.etherscan.io/tx/0xa067ed2353dcb6d58f64648a84b371a3ac43f1ffaec0b9eca275517a2ca88a03","0xa067ed2353dcb6d58f64648a84b371a3ac43f1ffaec0b9eca275517a2ca88a03","Success","10 Block Confirmations","null","2 mins ago (Jun-10-2022 11:58:25 AM +UTC)","7038205"
"1654862394-117","https://goerli.etherscan.io/txs","0x89228bbc3ccf1e077b1def1b070f986d13a11e0aa3a378c2eff27fa7c078d42d","https://goerli.etherscan.io/tx/0x89228bbc3ccf1e077b1def1b070f986d13a11e0aa3a378c2eff27fa7c078d42d","0x89228bbc3ccf1e077b1def1b070f986d13a11e0aa3a378c2eff27fa7c078d42d","Success","4 Block Confirmations","null","1 min ago (Jun-10-2022 11:58:25 AM +UTC)","7038205"
"1654862444-143","https://goerli.etherscan.io/txs","0x3eff9b15412de56484b85209846de6416e59a833816c81886aba3df42cd5c616","https://goerli.etherscan.io/tx/0x3eff9b15412de56484b85209846de6416e59a833816c81886aba3df42cd5c616","0x3eff9b15412de56484b85209846de6416e59a833816c81886aba3df42cd5c616","Success","3 Block Confirmations","null","2 mins ago (Jun-10-2022 11:58:25 AM +UTC)","7038205"
"1654862417-125","https://goerli.etherscan.io/txs","0x379eba4bfbb8138917737f8bdb78169148afb358b7a10258546c151f1b54ce14","https://goerli.etherscan.io/tx/0x379eba4bfbb8138917737f8bdb78169148afb358b7a10258546c151f1b54ce14","0x379eba4bfbb8138917737f8bdb78169148afb358b7a10258546c151f1b54ce14","Success","4 Block Confirmations","null","1 min ago (Jun-10-2022 11:58:25 AM +UTC)","7038205"
"1654862360-105","https://goerli.etherscan.io/txs","0xf9bba6b4e014e202bf761718bdf99d6fb38b45547aa5e32ff8ef164e1abb9208","https://goerli.etherscan.io/tx/0xf9bba6b4e014e202bf761718bdf99d6fb38b45547aa5e32ff8ef164e1abb9208","0xf9bba6b4e014e202bf761718bdf99d6fb38b45547aa5e32ff8ef164e1abb9208","Success","4 Block Confirmations","null","50 secs ago (Jun-10-2022 11:58:25 AM +UTC)","7038205"
"1654862411-123","https://goerli.etherscan.io/txs","0xff71e8decc722e0feb08a3fd9624e4468df411984105770fb28491b0bb09eb4e","https://goerli.etherscan.io/tx/0xff71e8decc722e0feb08a3fd9624e4468df411984105770fb28491b0bb09eb4e","0xff71e8decc722e0feb08a3fd9624e4468df411984105770fb28491b0bb09eb4e","Success","4 Block Confirmations","null","1 min ago (Jun-10-2022 11:58:25 AM +UTC)","7038205"
"1654862368-108","https://goerli.etherscan.io/txs","0x681492d2597521c3c963d3fd752621d792eddaebe7e9f7dbdb4ad5ca86a4a1bc","https://goerli.etherscan.io/tx/0x681492d2597521c3c963d3fd752621d792eddaebe7e9f7dbdb4ad5ca86a4a1bc","0x681492d2597521c3c963d3fd752621d792eddaebe7e9f7dbdb4ad5ca86a4a1bc","Success","4 Block Confirmations","null","58 secs ago (Jun-10-2022 11:58:25 AM +UTC)","7038205"
"1654862349-101","https://goerli.etherscan.io/txs","0x1edfe03b5887987b3f4413d7077d68d34eaebd3ff038f74d5bce758375c1b27c","https://goerli.etherscan.io/tx/0x1edfe03b5887987b3f4413d7077d68d34eaebd3ff038f74d5bce758375c1b27c","0x1edfe03b5887987b3f4413d7077d68d34eaebd3ff038f74d5bce758375c1b27c","Success","1 Block Confirmation","null","39 secs ago (Jun-10-2022 11:58:25 AM +UTC)","7038205"
"1654862397-118","https://goerli.etherscan.io/txs","0x20c3bd7ebd3e8487c5bb7e069696ad8b30afe5c3f39dfb0dd56602e1369726f7","https://goerli.etherscan.io/tx/0x20c3bd7ebd3e8487c5bb7e069696ad8b30afe5c3f39dfb0dd56602e1369726f7","0x20c3bd7ebd3e8487c5bb7e069696ad8b30afe5c3f39dfb0dd56602e1369726f7","Success","4 Block Confirmations","null","1 min ago (Jun-10-2022 11:58:25 AM +UTC)","7038205"
"1654862465-157","https://goerli.etherscan.io/txs","0x37b83ffc67e119af8207d6090338a6af7bd4d3dcbab022c33b17af53c692752a","https://goerli.etherscan.io/tx/0x37b83ffc67e119af8207d6090338a6af7bd4d3dcbab022c33b17af53c692752a","0x37b83ffc67e119af8207d6090338a6af7bd4d3dcbab022c33b17af53c692752a","Success","10 Block Confirmations","null","2 mins ago (Jun-10-2022 11:58:25 AM +UTC)","7038205"
"1654862383-113","https://goerli.etherscan.io/txs","0x561d221bc8f15d9113ab1c176453ff2eadcd773df1f178cbc4eb3c436aeb89ce","https://goerli.etherscan.io/tx/0x561d221bc8f15d9113ab1c176453ff2eadcd773df1f178cbc4eb3c436aeb89ce","0x561d221bc8f15d9113ab1c176453ff2eadcd773df1f178cbc4eb3c436aeb89ce","Success","4 Block Confirmations","null","1 min ago (Jun-10-2022 11:58:25 AM +UTC)","7038205"
"1654862380-112","https://goerli.etherscan.io/txs","0xb6e608914cb59d98c33e1443ce30cc374bc5fc5ece14484aa6ac8e296d92345d","https://goerli.etherscan.io/tx/0xb6e608914cb59d98c33e1443ce30cc374bc5fc5ece14484aa6ac8e296d92345d","0xb6e608914cb59d98c33e1443ce30cc374bc5fc5ece14484aa6ac8e296d92345d","Success","4 Block Confirmations","null","1 min ago (Jun-10-2022 11:58:25 AM +UTC)","7038205"
"1654862453-149","https://goerli.etherscan.io/txs","0xe92f1270e4a93bfff0f4c22338347cc804bfab3eb11a0911abae517852f94280","https://goerli.etherscan.io/tx/0xe92f1270e4a93bfff0f4c22338347cc804bfab3eb11a0911abae517852f94280","0xe92f1270e4a93bfff0f4c22338347cc804bfab3eb11a0911abae517852f94280","Success","3 Block Confirmations","null","2 mins ago (Jun-10-2022 11:58:25 AM +UTC)","7038205"
"1654862352-102","https://goerli.etherscan.io/txs","0xbca81951e7b73bc341ff4ff18c838b781eed731b0d6a9c876377488c5e75f893","https://goerli.etherscan.io/tx/0xbca81951e7b73bc341ff4ff18c838b781eed731b0d6a9c876377488c5e75f893","0xbca81951e7b73bc341ff4ff18c838b781eed731b0d6a9c876377488c5e75f893","Success","1 Block Confirmation","null","42 secs ago (Jun-10-2022 11:58:25 AM +UTC)","7038205"
"1654862473-163","https://goerli.etherscan.io/txs","0x8bea85de1f09e5d0f2b61e29f352f893abd0e6d581fdffa51439b16ce80066f5","https://goerli.etherscan.io/tx/0x8bea85de1f09e5d0f2b61e29f352f893abd0e6d581fdffa51439b16ce80066f5","0x8bea85de1f09e5d0f2b61e29f352f893abd0e6d581fdffa51439b16ce80066f5","Success","10 Block Confirmations","null","2 mins ago (Jun-10-2022 11:58:25 AM +UTC)","7038205"
"1654862441-141","https://goerli.etherscan.io/txs","0x4a2fdcefa2809b99880b909ea2c8484d5741fbe1432c37418501aa6f266968ce","https://goerli.etherscan.io/tx/0x4a2fdcefa2809b99880b909ea2c8484d5741fbe1432c37418501aa6f266968ce","0x4a2fdcefa2809b99880b909ea2c8484d5741fbe1432c37418501aa6f266968ce","Success","3 Block Confirmations","null","2 mins ago (Jun-10-2022 11:58:25 AM +UTC)","7038205"
"1654862462-155","https://goerli.etherscan.io/txs","0xa6f102b46910294127526c8da1ae1f66c3f456203871b455796f44293b4c602a","https://goerli.etherscan.io/tx/0xa6f102b46910294127526c8da1ae1f66c3f456203871b455796f44293b4c602a","0xa6f102b46910294127526c8da1ae1f66c3f456203871b455796f44293b4c602a","Success","10 Block Confirmations","null","2 mins ago (Jun-10-2022 11:58:25 AM +UTC)","7038205"
"1654862400-119","https://goerli.etherscan.io/txs","0xd026377338aab68d691996e58f822afade9a377ccaa06a873fe2231a36314633","https://goerli.etherscan.io/tx/0xd026377338aab68d691996e58f822afade9a377ccaa06a873fe2231a36314633","0xd026377338aab68d691996e58f822afade9a377ccaa06a873fe2231a36314633","Success","4 Block Confirmations","null","1 min ago (Jun-10-2022 11:58:25 AM +UTC)","7038205"
"1654862438-139","https://goerli.etherscan.io/txs","0xaba21f146eb10421f2c095b989babfa10dcc875b40eda7406465f047829b9b3a","https://goerli.etherscan.io/tx/0xaba21f146eb10421f2c095b989babfa10dcc875b40eda7406465f047829b9b3a","0xaba21f146eb10421f2c095b989babfa10dcc875b40eda7406465f047829b9b3a","Success","3 Block Confirmations","null","2 mins ago (Jun-10-2022 11:58:25 AM +UTC)","7038205"
"1654862366-107","https://goerli.etherscan.io/txs","0xa508293035e6e0ea4ec266ce3d291281a957ba4daed6d7cdf4e090eac59856d7","https://goerli.etherscan.io/tx/0xa508293035e6e0ea4ec266ce3d291281a957ba4daed6d7cdf4e090eac59856d7","0xa508293035e6e0ea4ec266ce3d291281a957ba4daed6d7cdf4e090eac59856d7","Success","4 Block Confirmations","null","55 secs ago (Jun-10-2022 11:58:25 AM +UTC)","7038205"
"1654862344-99","https://goerli.etherscan.io/txs","0x267d6555e815527ac78ca8853f977e18d116fc61361779afb8fc84875cecec2d","https://goerli.etherscan.io/tx/0x267d6555e815527ac78ca8853f977e18d116fc61361779afb8fc84875cecec2d","0x267d6555e815527ac78ca8853f977e18d116fc61361779afb8fc84875cecec2d","Success","1 Block Confirmation","null","33 secs ago (Jun-10-2022 11:58:25 AM +UTC)","7038205"
"1654862389-115","https://goerli.etherscan.io/txs","0xd7b1b78ca2e4baf39449bc77c2a015d49383583dc2cba2dd81188698a4180406","https://goerli.etherscan.io/tx/0xd7b1b78ca2e4baf39449bc77c2a015d49383583dc2cba2dd81188698a4180406","0xd7b1b78ca2e4baf39449bc77c2a015d49383583dc2cba2dd81188698a4180406","Success","4 Block Confirmations","null","1 min ago (Jun-10-2022 11:58:25 AM +UTC)","7038205"
"1654862456-151","https://goerli.etherscan.io/txs","0x89d0993695e0ba35d06cea12c74344f586ad148c860d9839c932ae77c8ca9725","https://goerli.etherscan.io/tx/0x89d0993695e0ba35d06cea12c74344f586ad148c860d9839c932ae77c8ca9725","0x89d0993695e0ba35d06cea12c74344f586ad148c860d9839c932ae77c8ca9725","Success","7 Block Confirmations","null","2 mins ago (Jun-10-2022 11:58:25 AM +UTC)","7038205"
"1654862371-109","https://goerli.etherscan.io/txs","0xfc045ac48dd4941f40f105a83ed3dea3a29573a48ec47fe12eaac88335019762","https://goerli.etherscan.io/tx/0xfc045ac48dd4941f40f105a83ed3dea3a29573a48ec47fe12eaac88335019762","0xfc045ac48dd4941f40f105a83ed3dea3a29573a48ec47fe12eaac88335019762","Success","4 Block Confirmations","null","1 min ago (Jun-10-2022 11:58:25 AM +UTC)","7038205"
"1654862358-104","https://goerli.etherscan.io/txs","0x2304b98008d869544808a00ce2390491ad78f74d5af1e9acc94e7b978e9f98f2","https://goerli.etherscan.io/tx/0x2304b98008d869544808a00ce2390491ad78f74d5af1e9acc94e7b978e9f98f2","0x2304b98008d869544808a00ce2390491ad78f74d5af1e9acc94e7b978e9f98f2","Success","1 Block Confirmation","null","47 secs ago (Jun-10-2022 11:58:25 AM +UTC)","7038205"
"1654862355-103","https://goerli.etherscan.io/txs","0x2c9c13bb7bb7fa37de09f7a759cedc1ea5bc0497c945b2c2c9ed8996929f4576","https://goerli.etherscan.io/tx/0x2c9c13bb7bb7fa37de09f7a759cedc1ea5bc0497c945b2c2c9ed8996929f4576","0x2c9c13bb7bb7fa37de09f7a759cedc1ea5bc0497c945b2c2c9ed8996929f4576","Success","1 Block Confirmation","null","44 secs ago (Jun-10-2022 11:58:25 AM +UTC)","7038205"
"1654862386-114","https://goerli.etherscan.io/txs","0xfcf7fc8175c1a8858c20933334d8e2010bcef8a1af28045aa28abc371fc2f633","https://goerli.etherscan.io/tx/0xfcf7fc8175c1a8858c20933334d8e2010bcef8a1af28045aa28abc371fc2f633","0xfcf7fc8175c1a8858c20933334d8e2010bcef8a1af28045aa28abc371fc2f633","Success","4 Block Confirmations","null","1 min ago (Jun-10-2022 11:58:25 AM +UTC)","7038205"
"1654862423-127","https://goerli.etherscan.io/txs","0x86f5359bd0aab3f68869f5833a2f8f949f82810bc4b0a2c3f202c27d76cfa1a7","https://goerli.etherscan.io/tx/0x86f5359bd0aab3f68869f5833a2f8f949f82810bc4b0a2c3f202c27d76cfa1a7","0x86f5359bd0aab3f68869f5833a2f8f949f82810bc4b0a2c3f202c27d76cfa1a7","Success","4 Block Confirmations","null","1 min ago (Jun-10-2022 11:58:25 AM +UTC)","7038205"
"1654862419-126","https://goerli.etherscan.io/txs","0x7302b5b5d2e555eb8178e92f57b70ad69da028b8eb8437531c3f81c6691759fd","https://goerli.etherscan.io/tx/0x7302b5b5d2e555eb8178e92f57b70ad69da028b8eb8437531c3f81c6691759fd","0x7302b5b5d2e555eb8178e92f57b70ad69da028b8eb8437531c3f81c6691759fd","Success","4 Block Confirmations","null","1 min ago (Jun-10-2022 11:58:25 AM +UTC)","7038205"
"1654862346-100","https://goerli.etherscan.io/txs","0x063a300ba60e6025d56272dd8e9aea25e4f92f93fcc1b31de77d7dd41fa9187a","https://goerli.etherscan.io/tx/0x063a300ba60e6025d56272dd8e9aea25e4f92f93fcc1b31de77d7dd41fa9187a","0x063a300ba60e6025d56272dd8e9aea25e4f92f93fcc1b31de77d7dd41fa9187a","Success","1 Block Confirmation","null","36 secs ago (Jun-10-2022 11:58:25 AM +UTC)","7038205"
"1654862428-131","https://goerli.etherscan.io/txs","0xe650d7fc27bd47c38520920cd91ca2785bcaac834a137b343b554500cab5f4d6","https://goerli.etherscan.io/tx/0xe650d7fc27bd47c38520920cd91ca2785bcaac834a137b343b554500cab5f4d6","0xe650d7fc27bd47c38520920cd91ca2785bcaac834a137b343b554500cab5f4d6","Success","3 Block Confirmations","null","1 min ago (Jun-10-2022 11:58:25 AM +UTC)","7038205"
"1654862470-161","https://goerli.etherscan.io/txs","0xfac65365a48b2244b7fa4fa574166e1fc97eca9b1dcd7db3693e690056e3639c","https://goerli.etherscan.io/tx/0xfac65365a48b2244b7fa4fa574166e1fc97eca9b1dcd7db3693e690056e3639c","0xfac65365a48b2244b7fa4fa574166e1fc97eca9b1dcd7db3693e690056e3639c","Success","10 Block Confirmations","null","2 mins ago (Jun-10-2022 11:58:25 AM +UTC)","7038205"
"1654862406-121","https://goerli.etherscan.io/txs","0x486327eb9fa11bf3fcb73b8f813649d311f543f0eb760ed9c030d163a067cd68","https://goerli.etherscan.io/tx/0x486327eb9fa11bf3fcb73b8f813649d311f543f0eb760ed9c030d163a067cd68","0x486327eb9fa11bf3fcb73b8f813649d311f543f0eb760ed9c030d163a067cd68","Success","4 Block Confirmations","null","1 min ago (Jun-10-2022 11:58:25 AM +UTC)","7038205"
"1654862403-120","https://goerli.etherscan.io/txs","0xb69b096937853004f71abad3638f2646fe10d990be476f7ecf715ed6761f6780","https://goerli.etherscan.io/tx/0xb69b096937853004f71abad3638f2646fe10d990be476f7ecf715ed6761f6780","0xb69b096937853004f71abad3638f2646fe10d990be476f7ecf715ed6761f6780","Success","4 Block Confirmations","null","1 min ago (Jun-10-2022 11:58:25 AM +UTC)","7038205"
"1654862435-137","https://goerli.etherscan.io/txs","0x41e83f2c5220ccc21fbfc0ba1f70ca44b413c289f37ab1e4987abda32deb117e","https://goerli.etherscan.io/tx/0x41e83f2c5220ccc21fbfc0ba1f70ca44b413c289f37ab1e4987abda32deb117e","0x41e83f2c5220ccc21fbfc0ba1f70ca44b413c289f37ab1e4987abda32deb117e","Success","3 Block Confirmations","null","2 mins ago (Jun-10-2022 11:58:25 AM +UTC)","7038205"
"1654862430-133","https://goerli.etherscan.io/txs","0xd83779b0e6aa02a7c4e9207e533ae34527258b6f311aaa1ddcb2229c80c4e481","https://goerli.etherscan.io/tx/0xd83779b0e6aa02a7c4e9207e533ae34527258b6f311aaa1ddcb2229c80c4e481","0xd83779b0e6aa02a7c4e9207e533ae34527258b6f311aaa1ddcb2229c80c4e481","Success","3 Block Confirmations","null","2 mins ago (Jun-10-2022 11:58:25 AM +UTC)","7038205"